river_station_code,river_station_name,river_name,river_municipality,river_lat,river_lon,responsible,operator,level_period_start,level_period_end,recorder_period_start,recorder_period_end,telemetry_period_start,telemetry_period_end,code,priority,role,basin,rationale,start_date,river_name_norm,has_level_period,has_telemetry_period
87150000,LINHA GONZAGA,RIO CAI,CAXIAS DO SUL,-29.3075,-50.9958,ANA,SGB-CPRM,2010-01-01 00:00:00,,,,2010-01-01 00:00:00,,87150000,1.0,modeled_gauge,Cai,Linha Gonzaga/Cai: current modeled Caxias do Sul gauge.,2000-01-01,RIO CAI,True,True
87160000,NOVA PALMIRA,RIO CAI,CAXIAS DO SUL,-29.3356,-51.1889,ANA,SGB-CPRM,1942-10-01 00:00:00,,,,2017-02-01 00:00:00,,87160000,1.0,modeled_gauge,Cai,Nova Palmira/Cai: current modeled gauge with official SGB flood stage.,2000-01-01,RIO CAI,True,True
87170000,BARCA DO CAI,RIO CAI,SAO SEBASTIAO DO CA,-29.59,-51.3833,ANA,SGB-CPRM,1947-04-01 00:00:00,,,,2018-01-01 00:00:00,,87170000,1.0,downstream_context,Cai,Barca do Cai: official SGB reports and floodplain context.,2000-01-01,RIO CAI,True,True
87270000,PASSO MONTENEGRO,RIO CAI,MONTENEGRO,-29.7011,-51.4411,ANA,SGB-CPRM,1939-12-01 00:00:00,,1976-07-01 00:00:00,2014-11-01 00:00:00,2014-08-01 00:00:00,,87270000,1.0,event_and_training_context,Cai,Passo Montenegro/Cai: May 2024 context and long lower-Cai record.,2000-01-01,RIO CAI,True,True
87399000,PASSO DAS CANOAS AUXILIAR,RIO GRAVATAI,GRAVATAI,-29.9644,-50.9778,ANA,SGB-CPRM,1973-06-01 00:00:00,,1978-05-01 00:00:00,2023-06-01 00:00:00,2018-07-01 00:00:00,,87399000,1.0,downstream_context,Gravatai,Passo das Canoas/Gravatai: metropolitan tributary entering Guaiba system.,2000-01-01,RIO GRAVATAI,True,True
87444000,USINA DO GASOMETRO (CHEIA 2024),RIO GUAIBA,PORTO ALEGRE,-30.0347,-51.2419,ANA,SGB-CPRM,,,,,2024-05-01 00:00:00,2025-08-01 00:00:00,87444000,1.0,event_context,Guaiba,Usina do Gasometro/Guaiba: May 2024 event station with official inundation cota.,2000-01-01,RIO GUAIBA,False,True
87450004,CAIS MAUA C6,RIO GUAIBA,PORTO ALEGRE,-30.0211,-51.2211,SEMA-RS,SEMA-RS,2014-07-01 00:00:00,,,,2014-07-01 00:00:00,,87450004,1.0,event_context,Guaiba,Cais Maua C6/Guaiba: local May 2024 event validation station.,2000-01-01,RIO GUAIBA,True,True
87450020,USINA DO GASOMETRO,RIO GUAIBA,PORTO ALEGRE,-30.0347,-51.2419,ANA,SGB-CPRM,,,,,2025-08-01 00:00:00,,87450020,1.0,current_operational_context,Guaiba,Usina do Gasometro/Guaiba current station code in inventory.,2000-01-01,RIO GUAIBA,False,True
87460120,IPANEMA,RIO GUAIBA,PORTO ALEGRE,-30.1353,-51.2328,ANA,SGB-CPRM,1984-05-01 00:00:00,,1984-05-01 00:00:00,2025-12-01 00:00:00,,,87460120,1.0,modeled_gauge,Guaiba,Ipanema/Guaiba: current modeled Porto Alegre gauge.,2000-01-01,RIO GUAIBA,True,False
85642000,PASSO SAO LOURENCO,RIO JACUI,CACHOEIRA DO SUL,-30.0078,-53.0156,ANA,SGB-CPRM,1981-06-01 00:00:00,,,,2019-11-01 00:00:00,,85642000,1.0,upstream_context,Jacui,Passo Sao Lourenco/Jacui: Cachoeira do Sul upstream propagation context.,2000-01-01,RIO JACUI,True,True
85900000,RIO PARDO,RIO JACUI,RIO PARDO,-29.995,-52.3756,ANA,SGB-CPRM,1939-12-01 00:00:00,,1939-12-01 00:00:00,1940-07-01 00:00:00,2017-10-01 00:00:00,,85900000,1.0,event_and_training_context,Jacui,Rio Pardo/Jacui: May 2024 context and lower Jacui flow toward Guaiba.,2000-01-01,RIO JACUI,True,True
87010000,TRIUNFO,RIO JACUI,TRIUNFO,-29.9419,-51.6942,SEMA-RS,SEMA-RS,1952-01-01 00:00:00,,,,2014-10-01 00:00:00,,87010000,1.0,downstream_context,Jacui,Triunfo/Jacui: lower Jacui near Guaiba confluence.,2000-01-01,RIO JACUI,True,True
87020000,SAO JERONIMO,RIO JACUI,SAO JERONIMO,-29.9533,-51.7239,ANA,SGB-CPRM,1926-01-01 00:00:00,,,,,,87020000,1.0,downstream_context,Jacui,Sao Jeronimo/Jacui: lower Jacui flood corridor.,2000-01-01,RIO JACUI,True,False
87980000,RIO GRANDE / REGATAS,LAGOA DOS PATOS,RIO GRANDE,-32.0292,-52.0792,ANA,SGB-CPRM,1982-02-01 00:00:00,,,,2012-08-01 00:00:00,2016-05-01 00:00:00,87980000,1.0,modeled_gauge,Laguna dos Patos,Rio Grande/Regatas: current modeled Lagoa dos Patos gauge.,2000-01-01,LAGOA DOS PATOS,True,True
87380000,CAMPO BOM,RIO DOS SINOS,CAMPO BOM,-29.6917,-51.0461,ANA,SGB-CPRM,1939-11-01 00:00:00,,1978-03-01 00:00:00,2023-06-01 00:00:00,2013-12-01 00:00:00,,87380000,1.0,event_and_training_context,Sinos,Campo Bom/Sinos: May 2024 context and long record.,2000-01-01,RIO DOS SINOS,True,True
87382000,SAO LEOPOLDO,RIO DOS SINOS,SAO LEOPOLDO,-29.7589,-51.1483,ANA,SGB-CPRM,1973-07-01 00:00:00,,,,2018-07-01 00:00:00,,87382000,1.0,downstream_context,Sinos,Sao Leopoldo/Sinos: lower Sinos urban flood corridor.,2000-01-01,RIO DOS SINOS,True,True
86472000,LINHA JOSE JULIO,RIO DAS ANTAS,SANTA TEREZA,-29.0978,-51.6997,ANA,SGB-CPRM,2013-06-01 00:00:00,2025-12-01 00:00:00,,,2013-06-01 00:00:00,,86472000,1.0,modeled_gauge,Taquari-Antas,Linha Jose Julio/Rio das Antas: current modeled Bento Goncalves gauge.,2000-01-01,RIO DAS ANTAS,True,True
86510000,MUCUM,RIO TAQUARI,MUCUM,-29.1672,-51.8686,ANA,SGB-CPRM,1940-01-01 00:00:00,,,,2017-10-01 00:00:00,,86510000,1.0,event_and_training_context,Taquari-Antas,Mucum/Taquari: mandatory May 2024 reference and high-value upstream flood gauge.,2000-01-01,RIO TAQUARI,True,True
86720000,ENCANTADO,RIO TAQUARI,ENCANTADO,-29.2344,-51.855,ANA,SGB-CPRM,1941-10-01 00:00:00,,,,2008-12-01 00:00:00,,86720000,1.0,downstream_context,Taquari-Antas,Encantado/Taquari: major middle-basin city affected by repeated floods.,2000-01-01,RIO TAQUARI,True,True
86879300,ESTRELA,RIO TAQUARI,ESTRELA,-29.4733,-51.9622,ANA,SGB-CPRM,2018-02-01 00:00:00,,,,2013-06-01 00:00:00,,86879300,1.0,downstream_context,Taquari-Antas,Estrela/Taquari: lower Taquari context near Lajeado/Estrela flood corridor.,2000-01-01,RIO TAQUARI,True,True
86895000,PORTO MARIANTE,RIO TAQUARI,VENANCIO AIRES,-29.6922,-51.97,ANA,SGB-CPRM,1959-09-01 00:00:00,,,,2014-08-01 00:00:00,,86895000,1.0,downstream_context,Taquari-Antas,Porto Mariante/Taquari: lower Taquari flood propagation context.,2000-01-01,RIO TAQUARI,True,True
86950000,TAQUARI,RIO TAQUARI,TAQUARI,-29.8069,-51.8758,ANA,SGB-CPRM,1931-03-01 00:00:00,,,,2017-10-01 00:00:00,,86950000,1.0,downstream_context,Taquari-Antas,Taquari city: downstream Taquari before Jacui/Guaiba confluence.,2000-01-01,RIO TAQUARI,True,True
87159600,NOVA PETROPOLIS CAXIAS DO SUL,RIO CAI,CAXIAS DO SUL,-29.3314,-51.1636,DCRS,DCRS,2026-03-01 00:00:00,,,,2025-12-01 00:00:00,,87159600,1.65,auto_relevant_key_river,Cai,Auto-selected key RS flood river station in Cai; public/operator and coverage audited before model use.,2000-01-01,RIO CAI,True,True
87163000,VALE REAL,RIO CAI,VALE REAL,-29.3997,-51.2536,ANA,SGB-CPRM,2024-10-01 00:00:00,,,,2024-10-01 00:00:00,,87163000,1.65,auto_relevant_key_river,Cai,Auto-selected key RS flood river station in Cai; public/operator and coverage audited before model use.,2000-01-01,RIO CAI,True,True
87165001,FELIZ,RIO CAI,FELIZ,-29.455,-51.3061,ANA,SGB-CPRM,2023-08-01 00:00:00,,,,2023-08-01 00:00:00,,87165001,1.65,auto_relevant_key_river,Cai,Auto-selected key RS flood river station in Cai; public/operator and coverage audited before model use.,2000-01-01,RIO CAI,True,True
87168590,BOM PRINCIPIO,RIO CAI,BOM PRINCIPIO,-29.5072,-51.3556,ANA,SGB-CPRM,2025-08-01 00:00:00,,,,2025-08-01 00:00:00,,87168590,1.65,auto_relevant_key_river,Cai,Auto-selected key RS flood river station in Cai; public/operator and coverage audited before model use.,2000-01-01,RIO CAI,True,True
87271100,MONTENEGRO,RIO CAI,MONTENEGRO,-29.6969,-51.46,DCRS,DCRS,2025-12-01 00:00:00,,,,2025-10-01 00:00:00,,87271100,1.65,auto_relevant_key_river,Cai,Auto-selected key RS flood river station in Cai; public/operator and coverage audited before model use.,2000-01-01,RIO CAI,True,True
87290010,MONTENEGRO/NOVA SANTA RITA,RIO CAI,MONTENEGRO,-29.8772,-51.2431,DCRS,DCRS,2025-11-01 00:00:00,,,,2025-10-01 00:00:00,,87290010,1.65,auto_relevant_key_river,Cai,Auto-selected key RS flood river station in Cai; public/operator and coverage audited before model use.,2000-01-01,RIO CAI,True,True
87300000,PASSO DO CAI,RIO CAI,TRIUNFO,-29.8642,-51.3639,ANA,SGB-CPRM,1971-10-01 00:00:00,2007-05-01 00:00:00,,,2025-10-01 00:00:00,,87300000,1.65,auto_relevant_key_river,Cai,Auto-selected key RS flood river station in Cai; public/operator and coverage audited before model use.,2000-01-01,RIO CAI,True,True
87398750,4 IRMAOS CANAL GRAVATAI,RIO GRAVATAI,GLORINHA,-29.9803,-50.7439,SEMA-RS,SEMA-RS,2018-02-01 00:00:00,2023-03-01 00:00:00,,,2018-02-01 00:00:00,,87398750,1.65,auto_relevant_key_river,Gravatai,Auto-selected key RS flood river station in Gravatai; public/operator and coverage audited before model use.,2000-01-01,RIO GRAVATAI,True,True
87399050,GRAVATAI,RIO GRAVATAI,GRAVATAI,-29.9639,-50.9806,DCRS,DCRS,2026-03-01 00:00:00,,,,2026-03-01 00:00:00,,87399050,1.65,auto_relevant_key_river,Gravatai,Auto-selected key RS flood river station in Gravatai; public/operator and coverage audited before model use.,2000-01-01,RIO GRAVATAI,True,True
87401750,CORSAN ALVORADA,RIO GRAVATAI,ALVORADA,-29.9683,-51.0367,SEMA-RS,SEMA-RS,2017-02-01 00:00:00,,,,2017-02-01 00:00:00,,87401750,1.65,auto_relevant_key_river,Gravatai,Auto-selected key RS flood river station in Gravatai; public/operator and coverage audited before model use.,2000-01-01,RIO GRAVATAI,True,True
87242000,TERMINAL CATSUL GUAIBA,LAGO GUAIBA,GUAIBA,-30.1075,-51.3111,SEMA-RS,SEMA-RS,2019-04-01 00:00:00,,,,2019-04-01 00:00:00,,87242000,1.65,auto_relevant_key_river,Guaiba,Auto-selected key RS flood river station in Guaiba; public/operator and coverage audited before model use.,2000-01-01,LAGO GUAIBA,True,True
87242010,CAMPING NASCER DO SOL,LAGO GUAIBA,BARRA DO RIBEIRO,-30.3017,-51.2961,SEMA-RS,SEMA-RS,2019-05-01 00:00:00,2023-01-01 00:00:00,,,2019-05-01 00:00:00,2023-09-01 00:00:00,87242010,1.65,auto_relevant_key_river,Guaiba,Auto-selected key RS flood river station in Guaiba; public/operator and coverage audited before model use.,2000-01-01,LAGO GUAIBA,True,True
87242020,PRAIA DA PEDREIRA PQ. ITAPUA,LAGO GUAIBA,VIAMAO,-30.3592,-51.0464,SEMA-RS,SEMA-RS,2019-05-01 00:00:00,2023-10-01 00:00:00,,,2019-05-01 00:00:00,2023-11-01 00:00:00,87242020,1.65,auto_relevant_key_river,Guaiba,Auto-selected key RS flood river station in Guaiba; public/operator and coverage audited before model use.,2000-01-01,LAGO GUAIBA,True,True
87480000,BARRA DO RIBEIRO LAGO GUAIBA,RIO GUAIBA,BARRA DO RIBEIRO,-30.2944,-51.2986,DCRS,DCRS,2026-02-01 00:00:00,,,,2026-05-01 00:00:00,,87480000,1.65,auto_relevant_key_river,Guaiba,Auto-selected key RS flood river station in Guaiba; public/operator and coverage audited before model use.,2000-01-01,RIO GUAIBA,True,True
85395500,DONA FRANCISCA,RIO JACUI,NOVA PALMA,-29.45,-53.285,DNIT,DNIT,1971-01-01 00:00:00,1986-12-01 00:00:00,,,2003-01-01 00:00:00,2008-12-01 00:00:00,85395500,1.65,auto_relevant_key_river,Jacui,Auto-selected key RS flood river station in Jacui; public/operator and coverage audited before model use.,2000-01-01,RIO JACUI,True,True
85400020,DONA FRANCISCA,RIO JACUI,DONA FRANCISCA,-29.6311,-53.3586,DCRS,DCRS,2026-02-01 00:00:00,,,,2026-02-01 00:00:00,,85400020,1.65,auto_relevant_key_river,Jacui,Auto-selected key RS flood river station in Jacui; public/operator and coverage audited before model use.,2000-01-01,RIO JACUI,True,True
85642005,PASSO SAO LOURENCO CACH. DO SUL,RIO JACUI,CACHOEIRA DO SUL,-30.0078,-53.0164,SEMA-RS,SEMA-RS,2018-12-01 00:00:00,,,,2018-12-01 00:00:00,,85642005,1.65,auto_relevant_key_river,Jacui,Auto-selected key RS flood river station in Jacui; public/operator and coverage audited before model use.,2000-01-01,RIO JACUI,True,True
85650001,CACHOEIRA DO SUL (BARRAG. FANDANGO) MONT.,RIO JACUI,CACHOEIRA DO SUL,-30.0833,-52.9,DNIT,DNIT,1953-12-01 00:00:00,2008-12-01 00:00:00,,,2003-01-01 00:00:00,2008-12-01 00:00:00,85650001,1.65,auto_relevant_key_river,Jacui,Auto-selected key RS flood river station in Jacui; public/operator and coverage audited before model use.,2000-01-01,RIO JACUI,True,True
85650002,CACHOEIRA DO SUL (BARRAG. FANDANGO) JUS.,RIO JACUI,CACHOEIRA DO SUL,-30.0533,-52.8808,DNIT,DNIT,1955-01-01 00:00:00,2008-12-01 00:00:00,,,2003-01-01 00:00:00,2008-12-01 00:00:00,85650002,1.65,auto_relevant_key_river,Jacui,Auto-selected key RS flood river station in Jacui; public/operator and coverage audited before model use.,2000-01-01,RIO JACUI,True,True
85680000,BARRAGEM ANEL DOM MARCO MONT,RIO JACUI,RIO PARDO,-30.0928,-52.5039,DNIT,DNIT,1971-01-01 00:00:00,2008-12-01 00:00:00,,,2003-01-01 00:00:00,2008-12-01 00:00:00,85680000,1.65,auto_relevant_key_river,Jacui,Auto-selected key RS flood river station in Jacui; public/operator and coverage audited before model use.,2000-01-01,RIO JACUI,True,True
85681000,BARRAGEM ANEL DOM MARCO JUS,RIO JACUI,RIO PARDO,-30.1,-52.5056,DNIT,DNIT,1971-01-01 00:00:00,2008-12-01 00:00:00,,,2003-01-01 00:00:00,2008-12-01 00:00:00,85681000,1.65,auto_relevant_key_river,Jacui,Auto-selected key RS flood river station in Jacui; public/operator and coverage audited before model use.,2000-01-01,RIO JACUI,True,True
85950001,BARRAGEM AMAROPOLIS MONTANTE,RIO JACUI,BUTIA,-29.9464,-51.8958,DNIT,DNIT,1971-01-01 00:00:00,2008-12-01 00:00:00,,,2003-01-01 00:00:00,2008-12-01 00:00:00,85950001,1.65,auto_relevant_key_river,Jacui,Auto-selected key RS flood river station in Jacui; public/operator and coverage audited before model use.,2000-01-01,RIO JACUI,True,True
85990003,BARRAGEM AMAROPOLIS JUSANTE,RIO JACUI,GENERAL CAMARA,-29.9406,-51.8997,DNIT,DNIT,1973-05-01 00:00:00,2008-12-01 00:00:00,,,2003-01-01 00:00:00,2008-12-01 00:00:00,85990003,1.65,auto_relevant_key_river,Jacui,Auto-selected key RS flood river station in Jacui; public/operator and coverage audited before model use.,2000-01-01,RIO JACUI,True,True
87036000,CHARQUEADAS,RIO JACUI,CHARQUEADAS,-29.95,-51.6333,DNIT,DNIT,2003-01-01 00:00:00,2008-12-01 00:00:00,,,2003-01-01 00:00:00,2008-12-01 00:00:00,87036000,1.65,auto_relevant_key_river,Jacui,Auto-selected key RS flood river station in Jacui; public/operator and coverage audited before model use.,2000-01-01,RIO JACUI,True,True
87955001,LARANJAL,LAGOA DOS PATOS,PELOTAS,-31.7725,-52.2253,UFPEL,UFPEL,,,,,2026-06-01 00:00:00,,87955001,1.65,auto_relevant_key_river,Laguna dos Patos,Auto-selected key RS flood river station in Laguna dos Patos; public/operator and coverage audited before model use.,2000-01-01,LAGOA DOS PATOS,False,True
87979800,RIO GRANDE,LAGOA DOS PATOS,RIO GRANDE,-32.0272,-52.1025,DCRS,DCRS,2025-12-01 00:00:00,,,,2026-03-01 00:00:00,,87979800,1.65,auto_relevant_key_river,Laguna dos Patos,Auto-selected key RS flood river station in Laguna dos Patos; public/operator and coverage audited before model use.,2000-01-01,LAGOA DOS PATOS,True,True
87991100,FURG/CCMAR,LAGOA DOS PATOS,RIO GRANDE,-32.0272,-52.1017,FURG,FURG,2024-05-01 00:00:00,,,,2024-05-01 00:00:00,,87991100,1.65,auto_relevant_key_river,Laguna dos Patos,Auto-selected key RS flood river station in Laguna dos Patos; public/operator and coverage audited before model use.,2000-01-01,LAGOA DOS PATOS,True,True
87318510,FOFONKA CARAA,RIO DOS SINOS,CARAA,-29.7633,-50.4133,SEMA-RS,SEMA-RS,2019-05-01 00:00:00,2021-09-01 00:00:00,,,2019-05-01 00:00:00,2021-09-01 00:00:00,87318510,1.65,auto_relevant_key_river,Sinos,Auto-selected key RS flood river station in Sinos; public/operator and coverage audited before model use.,2000-01-01,RIO DOS SINOS,True,True
87318700,CARAA,RIO DOS SINOS,CARAA,-29.7692,-50.3572,DCRS,DCRS,2026-01-01 00:00:00,,,,2025-10-01 00:00:00,,87318700,1.65,auto_relevant_key_river,Sinos,Auto-selected key RS flood river station in Sinos; public/operator and coverage audited before model use.,2000-01-01,RIO DOS SINOS,True,True
87376000,FOZ DO PARANHANA,RIO DOS SINOS,TAQUARA,-29.6858,-50.8122,SEMA-RS,SEMA-RS,2014-11-01 00:00:00,2023-10-01 00:00:00,,,2014-11-01 00:00:00,,87376000,1.65,auto_relevant_key_river,Sinos,Auto-selected key RS flood river station in Sinos; public/operator and coverage audited before model use.,2000-01-01,RIO DOS SINOS,True,True
87382009,SAO LEOPOLDO,RIO DOS SINOS,SAO LEOPOLDO,-29.7592,-51.1492,DCRS,DCRS,2025-12-01 00:00:00,,,,2025-12-01 00:00:00,,87382009,1.65,auto_relevant_key_river,Sinos,Auto-selected key RS flood river station in Sinos; public/operator and coverage audited before model use.,2000-01-01,RIO DOS SINOS,True,True
86220600,PCH PALANQUINHO JUSANTE,RIO DAS ANTAS,CAMPESTRE DA SERRA,-28.8294,-51.0092,SERRANA,SERRANA,2025-08-01 00:00:00,,,,2025-08-01 00:00:00,,86220600,1.65,auto_relevant_key_river,Taquari-Antas,Auto-selected key RS flood river station in Taquari-Antas; public/operator and coverage audited before model use.,2000-01-01,RIO DAS ANTAS,True,True
86296000,PONTE ANTONIO PRADO,RIO DAS ANTAS,SAO MARCOS,-28.8772,-51.1481,DNIT,DNIT,2003-01-01 00:00:00,2008-12-01 00:00:00,,,2003-01-01 00:00:00,2008-12-01 00:00:00,86296000,1.65,auto_relevant_key_river,Taquari-Antas,Auto-selected key RS flood river station in Taquari-Antas; public/operator and coverage audited before model use.,2000-01-01,RIO DAS ANTAS,True,True
86297995,FLORES DA CUNHA ANTONIO PRADO,RIO DAS ANTAS,FLORES DA CUNHA,-28.9422,-51.1897,DCRS,DCRS,2026-03-01 00:00:00,,,,2026-02-01 00:00:00,,86297995,1.65,auto_relevant_key_river,Taquari-Antas,Auto-selected key RS flood river station in Taquari-Antas; public/operator and coverage audited before model use.,2000-01-01,RIO DAS ANTAS,True,True
86329001,NOVA ROMA/FARROUPILHA,RIO DAS ANTAS,NOVA ROMA DO SUL,-29.0575,-51.3961,DCRS,DCRS,2025-11-01 00:00:00,,,,2025-10-01 00:00:00,,86329001,1.65,auto_relevant_key_river,Taquari-Antas,Auto-selected key RS flood river station in Taquari-Antas; public/operator and coverage audited before model use.,2000-01-01,RIO DAS ANTAS,True,True
86470001,PONTE RIO DAS ANTAS,RIO DAS ANTAS,VERANOPOLIS,-29.045,-51.5669,DNIT,DNIT,2003-01-01 00:00:00,2008-12-01 00:00:00,,,2003-01-01 00:00:00,2008-12-01 00:00:00,86470001,1.65,auto_relevant_key_river,Taquari-Antas,Auto-selected key RS flood river station in Taquari-Antas; public/operator and coverage audited before model use.,2000-01-01,RIO DAS ANTAS,True,True
86472600,SANTA TEREZA,RIO TAQUARI,SANTA TEREZA,-29.1781,-51.7322,ANA,SGB-CPRM,2022-10-01 00:00:00,,,,2022-10-01 00:00:00,,86472600,1.65,auto_relevant_key_river,Taquari-Antas,Auto-selected key RS flood river station in Taquari-Antas; public/operator and coverage audited before model use.,2000-01-01,RIO TAQUARI,True,True
86720001,ENCANTADO,RIO TAQUARI,ENCANTADO,-29.2342,-51.8542,DNIT,DNIT,2003-01-01 00:00:00,2008-12-01 00:00:00,,,2003-01-01 00:00:00,2008-12-01 00:00:00,86720001,1.65,auto_relevant_key_river,Taquari-Antas,Auto-selected key RS flood river station in Taquari-Antas; public/operator and coverage audited before model use.,2000-01-01,RIO TAQUARI,True,True
86880000,ESTRELA,RIO TAQUARI,ESTRELA,-29.4953,-51.9706,DNIT,DNIT,1941-09-01 00:00:00,2008-12-01 00:00:00,,,2003-01-01 00:00:00,2008-12-01 00:00:00,86880000,1.65,auto_relevant_key_river,Taquari-Antas,Auto-selected key RS flood river station in Taquari-Antas; public/operator and coverage audited before model use.,2000-01-01,RIO TAQUARI,True,True
86881000,BOM RETIRO DO SUL MONTANTE,RIO TAQUARI,BOM RETIRO DO SUL,-29.6081,-51.9511,ANA,SGB-CPRM,1939-06-01 00:00:00,,,,2003-01-01 00:00:00,,86881000,1.65,auto_relevant_key_river,Taquari-Antas,Auto-selected key RS flood river station in Taquari-Antas; public/operator and coverage audited before model use.,2000-01-01,RIO TAQUARI,True,True
86882000,BOM RETIRO DO SUL JUSANTE,RIO TAQUARI,BOM RETIRO DO SUL,-29.6164,-51.9383,DNIT,DNIT,1973-03-01 00:00:00,2011-01-01 00:00:00,,,2003-01-01 00:00:00,2011-01-01 00:00:00,86882000,1.65,auto_relevant_key_river,Taquari-Antas,Auto-selected key RS flood river station in Taquari-Antas; public/operator and coverage audited before model use.,2000-01-01,RIO TAQUARI,True,True
86895001,PORTO MARIANTE,RIO TAQUARI,VENANCIO AIRES,-29.6947,-51.9692,DNIT,DNIT,2003-01-01 00:00:00,2008-12-01 00:00:00,,,2003-01-01 00:00:00,2008-12-01 00:00:00,86895001,1.65,auto_relevant_key_river,Taquari-Antas,Auto-selected key RS flood river station in Taquari-Antas; public/operator and coverage audited before model use.,2000-01-01,RIO TAQUARI,True,True
86950001,TAQUARI,RIO TAQUARI,TAQUARI,-29.8069,-51.8761,DNIT,DNIT,2003-01-01 00:00:00,2008-12-01 00:00:00,,,2003-01-01 00:00:00,2008-12-01 00:00:00,86950001,1.65,auto_relevant_key_river,Taquari-Antas,Auto-selected key RS flood river station in Taquari-Antas; public/operator and coverage audited before model use.,2000-01-01,RIO TAQUARI,True,True
87120000,PCH PASSO DO INFERNO BARRAMENTO,RIO CAI,SAO FRANCISCO DE PA,-29.2683,-50.7467,CEEE,CEEE,2013-03-01 00:00:00,,,,2013-04-01 00:00:00,,87120000,1.75,auto_relevant_key_river,Cai,Auto-selected key RS flood river station in Cai; public/operator and coverage audited before model use.,2000-01-01,RIO CAI,True,True
87120100,PCH PASSO DO INFERNO JUSANTE,RIO CAI,SAO FRANCISCO DE PA,-29.2694,-50.7544,CEEE,CEEE,2013-06-01 00:00:00,,,,2013-06-01 00:00:00,,87120100,1.75,auto_relevant_key_river,Cai,Auto-selected key RS flood river station in Cai; public/operator and coverage audited before model use.,2000-01-01,RIO CAI,True,True
85029000,PCH ERNESTINA MONTANTE,RIO JACUI,MARAU,-28.4056,-52.4408,CEEE,CEEE,2013-10-01 00:00:00,,,,2013-10-01 00:00:00,,85029000,1.75,auto_relevant_key_river,Jacui,Auto-selected key RS flood river station in Jacui; public/operator and coverage audited before model use.,2000-01-01,RIO JACUI,True,True
85050001,PCH ERNESTINA BARRAMENTO,RIO JACUI,TIO HUGO,-28.5556,-52.545,CEEE,CEEE,1958-01-01 00:00:00,,,,2013-10-01 00:00:00,,85050001,1.75,auto_relevant_key_river,Jacui,Auto-selected key RS flood river station in Jacui; public/operator and coverage audited before model use.,2000-01-01,RIO JACUI,True,True
85050100,PCH ERNESTINA JUSANTE 2,RIO JACUI,TIO HUGO,-28.5628,-52.5536,CEEE,CEEE,2005-01-01 00:00:00,,,,2006-12-01 00:00:00,,85050100,1.75,auto_relevant_key_river,Jacui,Auto-selected key RS flood river station in Jacui; public/operator and coverage audited before model use.,2000-01-01,RIO JACUI,True,True
85050200,PCH TIO HUGO BARRAMENTO,RIO JACUI,TIO HUGO,-28.5903,-52.5822,COPREL,COPREL,2023-05-01 00:00:00,,,,2023-05-01 00:00:00,,85050200,1.75,auto_relevant_key_river,Jacui,Auto-selected key RS flood river station in Jacui; public/operator and coverage audited before model use.,2000-01-01,RIO JACUI,True,True
85050300,PCH TIO HUGO JUSANTE,RIO JACUI,TIO HUGO,-28.5992,-52.5975,COPREL,COPREL,2022-12-01 00:00:00,,,,2022-12-01 00:00:00,,85050300,1.75,auto_relevant_key_river,Jacui,Auto-selected key RS flood river station in Jacui; public/operator and coverage audited before model use.,2000-01-01,RIO JACUI,True,True
85050350,PCH SANTO ANTONIO DO JACUI MONTANTE,RIO JACUI,VICTOR GRAEFF,-28.6303,-52.6831,COPREL,COPREL,2023-12-01 00:00:00,,,,2023-12-01 00:00:00,,85050350,1.75,auto_relevant_key_river,Jacui,Auto-selected key RS flood river station in Jacui; public/operator and coverage audited before model use.,2000-01-01,RIO JACUI,True,True
85051000,PCH SANTO ANTONIO DO JACUI BARRAMENTO,RIO JACUI,MORMACO,-28.6567,-52.7044,COPREL,COPREL,2025-10-01 00:00:00,,,,2025-10-01 00:00:00,,85051000,1.75,auto_relevant_key_river,Jacui,Auto-selected key RS flood river station in Jacui; public/operator and coverage audited before model use.,2000-01-01,RIO JACUI,True,True
85074000,PCH COTOVELO DO JACUI BARRAMENTO,RIO JACUI,VICTOR GRAEFF,-28.6717,-52.7267,COPREL,COPREL,2012-08-01 00:00:00,,,,2012-08-01 00:00:00,,85074000,1.75,auto_relevant_key_river,Jacui,Auto-selected key RS flood river station in Jacui; public/operator and coverage audited before model use.,2000-01-01,RIO JACUI,True,True
85076000,PCH COTOVELO DO JACUI JUSANTE,RIO JACUI,VICTOR GRAEFF,-28.6728,-52.7311,COPREL,COPREL,2007-03-01 00:00:00,,,,2012-10-01 00:00:00,,85076000,1.75,auto_relevant_key_river,Jacui,Auto-selected key RS flood river station in Jacui; public/operator and coverage audited before model use.,2000-01-01,RIO JACUI,True,True
85080001,UHE PASSO REAL MONTANTE 2,RIO JACUI,ESPUMOSO,-28.7197,-52.8492,PASSO REAL,PASSO REAL,2013-12-01 00:00:00,,,,2013-12-01 00:00:00,,85080001,1.75,auto_relevant_key_river,Jacui,Auto-selected key RS flood river station in Jacui; public/operator and coverage audited before model use.,2000-01-01,RIO JACUI,True,True
85140000,UHE PASSO REAL MONTANTE 1,RIO JACUI,ALTO ALEGRE,-28.7492,-52.9794,PASSO REAL,PASSO REAL,2013-12-01 00:00:00,,,,2013-12-01 00:00:00,,85140000,1.75,auto_relevant_key_river,Jacui,Auto-selected key RS flood river station in Jacui; public/operator and coverage audited before model use.,2000-01-01,RIO JACUI,True,True
85170100,CGH MIRIM BARRAMENTO,RIO JACUI MIRIM,CARAZINHO,-28.2622,-53.1217,CONQUISTA,CONQUISTA,2022-10-01 00:00:00,,,,2022-10-01 00:00:00,,85170100,1.75,auto_relevant_key_river,Jacui,Auto-selected key RS flood river station in Jacui; public/operator and coverage audited before model use.,2000-01-01,RIO JACUI MIRIM,True,True
85170150,CGH MIRIM JUSANTE,RIO JACUI MIRIM,CARAZINHO,-28.2633,-53.1208,CONQUISTA,CONQUISTA,2023-10-01 00:00:00,,,,2023-10-01 00:00:00,,85170150,1.75,auto_relevant_key_river,Jacui,Auto-selected key RS flood river station in Jacui; public/operator and coverage audited before model use.,2000-01-01,RIO JACUI MIRIM,True,True
85180000,UHE PASSO REAL RIO JACUI MIRIM 2,RIO JACUI MIRIM,IBIRUBA,-28.5461,-53.165,CEEE,CEEE,2014-04-01 00:00:00,,,,2014-04-01 00:00:00,,85180000,1.75,auto_relevant_key_river,Jacui,Auto-selected key RS flood river station in Jacui; public/operator and coverage audited before model use.,2000-01-01,RIO JACUI MIRIM,True,True
85260001,UHE PASSO REAL BARRAMENTO,RIO JACUI,SALTO DO JACUI,-29.0164,-53.1886,PASSO REAL,PASSO REAL,2014-05-01 00:00:00,,,,2014-02-01 00:00:00,,85260001,1.75,auto_relevant_key_river,Jacui,Auto-selected key RS flood river station in Jacui; public/operator and coverage audited before model use.,2000-01-01,RIO JACUI,True,True
85300000,UHE JACUI BARRAMENTO,RIO JACUI,SALTO DO JACUI,-29.0733,-53.21,CEEE,CEEE,1963-02-01 00:00:00,,,,2014-02-01 00:00:00,,85300000,1.75,auto_relevant_key_river,Jacui,Auto-selected key RS flood river station in Jacui; public/operator and coverage audited before model use.,2000-01-01,RIO JACUI,True,True
85365000,UHE ITAUBA BARRAMENTO,RIO JACUI,PINHAL GRANDE,-29.2597,-53.2353,ITAÚBA-ENERGIA,ITAÚBA-ENERGIA,2014-05-01 00:00:00,,,,2014-05-01 00:00:00,,85365000,1.75,auto_relevant_key_river,Jacui,Auto-selected key RS flood river station in Jacui; public/operator and coverage audited before model use.,2000-01-01,RIO JACUI,True,True
85380000,PASSO ESTRELA,RIO JACUIZINHO,ARROIO DO TIGRE,-29.2142,-53.105,CEEE,CEEE,1952-05-01 00:00:00,2012-12-01 00:00:00,,,2002-01-01 00:00:00,2012-12-01 00:00:00,85380000,1.75,auto_relevant_key_river,Jacui,Auto-selected key RS flood river station in Jacui; public/operator and coverage audited before model use.,2000-01-01,RIO JACUIZINHO,True,True
85380500,UHE DONA FRANCISCA RIO JACUIZINHO,RIO JACUIZINHO,ARROIO DO TIGRE,-29.2311,-53.1175,CONS.DFRANCISCA,CONS.DFRANCISCA,2013-10-01 00:00:00,,,,2013-10-01 00:00:00,,85380500,1.75,auto_relevant_key_river,Jacui,Auto-selected key RS flood river station in Jacui; public/operator and coverage audited before model use.,2000-01-01,RIO JACUIZINHO,True,True
85395100,UHE DONA FRANCISCA BARRAMENTO,RIO JACUI,NOVA PALMA,-29.4475,-53.2844,CONS.DFRANCISCA,CONS.DFRANCISCA,1976-01-01 00:00:00,,,,2013-10-01 00:00:00,,85395100,1.75,auto_relevant_key_river,Jacui,Auto-selected key RS flood river station in Jacui; public/operator and coverage audited before model use.,2000-01-01,RIO JACUI,True,True
85395300,UHE DONA FRANCISCA JUSANTE,RIO JACUI,NOVA PALMA,-29.4719,-53.2814,CONS.DFRANCISCA,CONS.DFRANCISCA,2013-10-01 00:00:00,,,,2013-10-01 00:00:00,,85395300,1.75,auto_relevant_key_river,Jacui,Auto-selected key RS flood river station in Jacui; public/operator and coverage audited before model use.,2000-01-01,RIO JACUI,True,True
85396000,VOLTA GRANDE III,RIO JACUI,NOVA PALMA,-29.4789,-53.1675,CEEE,CEEE,1976-12-01 00:00:00,2012-12-01 00:00:00,,,2010-10-01 00:00:00,2012-12-01 00:00:00,85396000,1.75,auto_relevant_key_river,Jacui,Auto-selected key RS flood river station in Jacui; public/operator and coverage audited before model use.,2000-01-01,RIO JACUI,True,True
86099000,PCH PEZZI MONTANTE,RIO DAS ANTAS,BOM JESUS,-28.8047,-50.4936,PEZZI,PEZZI,2013-05-01 00:00:00,,,,2013-05-01 00:00:00,,86099000,1.75,auto_relevant_key_river,Taquari-Antas,Auto-selected key RS flood river station in Taquari-Antas; public/operator and coverage audited before model use.,2000-01-01,RIO DAS ANTAS,True,True
86100800,PCH PEZZI BARRAMENTO,RIO DAS ANTAS,BOM JESUS,-28.7922,-50.5647,PEZZI,PEZZI,2012-06-01 00:00:00,,,,2012-06-01 00:00:00,,86100800,1.75,auto_relevant_key_river,Taquari-Antas,Auto-selected key RS flood river station in Taquari-Antas; public/operator and coverage audited before model use.,2000-01-01,RIO DAS ANTAS,True,True
86101000,PCH PASSO DO MEIO MONTANTE,RIO DAS ANTAS,JAQUIRANA,-28.7883,-50.5611,CAMPO DE CIMA,CAMPO DE CIMA,2003-05-01 00:00:00,,,,2010-05-01 00:00:00,,86101000,1.75,auto_relevant_key_river,Taquari-Antas,Auto-selected key RS flood river station in Taquari-Antas; public/operator and coverage audited before model use.,2000-01-01,RIO DAS ANTAS,True,True
86109000,PCH PASSO DO MEIO BARRAMENTO,RIO DAS ANTAS,SAO FRANCISCO DE PA,-28.8067,-50.6128,CAMPO DE CIMA,CAMPO DE CIMA,2000-01-01 00:00:00,,,,2010-08-01 00:00:00,,86109000,1.75,auto_relevant_key_river,Taquari-Antas,Auto-selected key RS flood river station in Taquari-Antas; public/operator and coverage audited before model use.,2000-01-01,RIO DAS ANTAS,True,True
86110000,PCH PASSO DO MEIO JUSANTE,RIO DAS ANTAS,SAO FRANCISCO DE PA,-28.8161,-50.6214,CAMPO DE CIMA,CAMPO DE CIMA,2004-08-01 00:00:00,,,,2010-05-01 00:00:00,,86110000,1.75,auto_relevant_key_river,Taquari-Antas,Auto-selected key RS flood river station in Taquari-Antas; public/operator and coverage audited before model use.,2000-01-01,RIO DAS ANTAS,True,True
86118000,PCH SERRA DOS CAVALINHOS I BARRAMENTO,RIO DAS ANTAS,MONTE ALEGRE DOS CA,-28.7964,-50.7294,CAVALINHOS I,CAVALINHOS I,2016-12-01 00:00:00,,,,2016-12-01 00:00:00,,86118000,1.75,auto_relevant_key_river,Taquari-Antas,Auto-selected key RS flood river station in Taquari-Antas; public/operator and coverage audited before model use.,2000-01-01,RIO DAS ANTAS,True,True
86162000,PCH SERRA DOS CAVALINHOS II BARRAMENTO,RIO DAS ANTAS,MONTE ALEGRE DOS CA,-28.7914,-50.7458,CAVALINHOS II,CAVALINHOS II,2013-02-01 00:00:00,,,,2013-02-01 00:00:00,,86162000,1.75,auto_relevant_key_river,Taquari-Antas,Auto-selected key RS flood river station in Taquari-Antas; public/operator and coverage audited before model use.,2000-01-01,RIO DAS ANTAS,True,True
86163000,PCH SERRA DOS CAVALINHOS II JUSANTE,RIO DAS ANTAS,MONTE ALEGRE DOS CA,-28.7869,-50.7447,CAVALINHOS II,CAVALINHOS II,2014-04-01 00:00:00,,,,2014-04-01 00:00:00,,86163000,1.75,auto_relevant_key_river,Taquari-Antas,Auto-selected key RS flood river station in Taquari-Antas; public/operator and coverage audited before model use.,2000-01-01,RIO DAS ANTAS,True,True
86298000,UHE CASTRO ALVES RS 122,RIO DAS ANTAS,ANTONIO PRADO,-28.9414,-51.1892,CERAN,CERAN,2009-03-01 00:00:00,,,,2009-03-01 00:00:00,,86298000,1.75,auto_relevant_key_river,Taquari-Antas,Auto-selected key RS flood river station in Taquari-Antas; public/operator and coverage audited before model use.,2000-01-01,RIO DAS ANTAS,True,True
86305000,UHE CASTRO ALVES BARRAMENTO,RIO DAS ANTAS,NOVA ROMA DO SUL,-29.0058,-51.3853,CERAN,CERAN,2009-03-01 00:00:00,,,,2009-06-01 00:00:00,,86305000,1.75,auto_relevant_key_river,Taquari-Antas,Auto-selected key RS flood river station in Taquari-Antas; public/operator and coverage audited before model use.,2000-01-01,RIO DAS ANTAS,True,True
86306000,UHE CASTRO ALVES ALCA,RIO DAS ANTAS,NOVA ROMA DO SUL,-29.0133,-51.3675,CERAN,CERAN,2009-01-01 00:00:00,,,,2009-01-01 00:00:00,,86306000,1.75,auto_relevant_key_river,Taquari-Antas,Auto-selected key RS flood river station in Taquari-Antas; public/operator and coverage audited before model use.,2000-01-01,RIO DAS ANTAS,True,True
86372000,CGH SALTINHO JUSANTE,RIO TAQUARI,IPE,-28.6514,-51.4131,CPFL-SUL,CPFL-SUL,2002-01-01 00:00:00,2018-03-01 00:00:00,,,2002-01-01 00:00:00,2018-03-01 00:00:00,86372000,1.75,auto_relevant_key_river,Taquari-Antas,Auto-selected key RS flood river station in Taquari-Antas; public/operator and coverage audited before model use.,2000-01-01,RIO TAQUARI,True,True
86448000,UHE MONTE CLARO BARRAMENTO,RIO DAS ANTAS,VERANOPOLIS,-29.0292,-51.5219,CERAN,CERAN,2009-03-01 00:00:00,,,,2009-06-01 00:00:00,,86448000,1.75,auto_relevant_key_river,Taquari-Antas,Auto-selected key RS flood river station in Taquari-Antas; public/operator and coverage audited before model use.,2000-01-01,RIO DAS ANTAS,True,True
86450000,UHE MONTE CLARO JUSANTE 1 (ALCA),RIO DAS ANTAS,BENTO GONCALVES,-29.075,-51.5239,CERAN,CERAN,2006-02-01 00:00:00,,,,2009-06-01 00:00:00,,86450000,1.75,auto_relevant_key_river,Taquari-Antas,Auto-selected key RS flood river station in Taquari-Antas; public/operator and coverage audited before model use.,2000-01-01,RIO DAS ANTAS,True,True
86450500,UHE MONTE CLARO JUSANTE 2,RIO DAS ANTAS,VERANOPOLIS,-29.0211,-51.5333,CERAN,CERAN,2008-12-01 00:00:00,,,,2008-12-01 00:00:00,,86450500,1.75,auto_relevant_key_river,Taquari-Antas,Auto-selected key RS flood river station in Taquari-Antas; public/operator and coverage audited before model use.,2000-01-01,RIO DAS ANTAS,True,True
86451000,UHE 14 DE JULHO MONTANTE,RIO DAS ANTAS,VERANOPOLIS,-29.0156,-51.5428,CERAN,CERAN,2014-09-01 00:00:00,,,,2014-09-01 00:00:00,,86451000,1.75,auto_relevant_key_river,Taquari-Antas,Auto-selected key RS flood river station in Taquari-Antas; public/operator and coverage audited before model use.,2000-01-01,RIO DAS ANTAS,True,True
86470800,UHE 14 DE JULHO BARRAMENTO,RIO DAS ANTAS,COTIPORA,-29.0658,-51.6744,CERAN,CERAN,2009-03-01 00:00:00,,,,2009-03-01 00:00:00,,86470800,1.75,auto_relevant_key_river,Taquari-Antas,Auto-selected key RS flood river station in Taquari-Antas; public/operator and coverage audited before model use.,2000-01-01,RIO DAS ANTAS,True,True
86470900,UHE 14 DE JULHO ALCA,RIO DAS ANTAS,COTIPORA,-29.07,-51.6342,CERAN,CERAN,2009-03-01 00:00:00,,,,2009-03-01 00:00:00,,86470900,1.75,auto_relevant_key_river,Taquari-Antas,Auto-selected key RS flood river station in Taquari-Antas; public/operator and coverage audited before model use.,2000-01-01,RIO DAS ANTAS,True,True
86471000,UHE 14 DE JULHO JUSANTE,RIO DAS ANTAS,COTIPORA,-29.0797,-51.6814,CERAN,CERAN,2009-01-01 00:00:00,,,,2009-01-01 00:00:00,,86471000,1.75,auto_relevant_key_river,Taquari-Antas,Auto-selected key RS flood river station in Taquari-Antas; public/operator and coverage audited before model use.,2000-01-01,RIO DAS ANTAS,True,True
87290000,PONTE DO CAI BR 386,RIO CAI,NOVA SANTA RITA,-29.8222,-51.3497,ANA,SGB-CPRM,2008-08-01 00:00:00,,,,,,87290000,1.9,auto_relevant_key_river,Cai,Auto-selected key RS flood river station in Cai; public/operator and coverage audited before model use.,2000-01-01,RIO CAI,True,False
87301100,FOZ DO RIO CAI 58,RIO CAI,CANOAS,-29.9333,-51.2833,DMAE,DMAE,1971-02-01 00:00:00,,,,,,87301100,1.9,auto_relevant_key_river,Cai,Auto-selected key RS flood river station in Cai; public/operator and coverage audited before model use.,2000-01-01,RIO CAI,True,False
87400000,PASSO DAS CANOAS,RIO GRAVATAI,GRAVATAI,-29.9567,-51.0067,ANA,ANA,1939-11-01 00:00:00,2015-01-01 00:00:00,,,,,87400000,1.9,auto_relevant_key_river,Gravatai,Auto-selected key RS flood river station in Gravatai; public/operator and coverage audited before model use.,2000-01-01,RIO GRAVATAI,True,False
87401700,GRAVATAI CORSAN,RIO GRAVATAI,GRAVATAI,-29.9572,-51.0169,ANA,ANA,1991-08-01 00:00:00,2005-09-01 00:00:00,1991-08-01 00:00:00,2005-09-01 00:00:00,,,87401700,1.9,auto_relevant_key_river,Gravatai,Auto-selected key RS flood river station in Gravatai; public/operator and coverage audited before model use.,2000-01-01,RIO GRAVATAI,True,False
87403000,RIO GRAVATAI GI,RIO GRAVATAI,PORTO ALEGRE,-29.9597,-51.1106,DMAE,DMAE,1972-05-01 00:00:00,,,,,,87403000,1.9,auto_relevant_key_river,Gravatai,Auto-selected key RS flood river station in Gravatai; public/operator and coverage audited before model use.,2000-01-01,RIO GRAVATAI,True,False
87406000,ALBATROZ,RIO GRAVATAI,CANOAS,-29.9658,-51.1656,ANA,SGB-CPRM,1986-01-01 00:00:00,,1986-01-01 00:00:00,2024-12-01 00:00:00,,,87406000,1.9,auto_relevant_key_river,Gravatai,Auto-selected key RS flood river station in Gravatai; public/operator and coverage audited before model use.,2000-01-01,RIO GRAVATAI,True,False
87410200,GRAVATAI 31,RIO GRAVATAI,PORTO ALEGRE,-29.9708,-51.2,DMAE,DMAE,1971-02-01 00:00:00,,,,,,87410200,1.9,auto_relevant_key_river,Gravatai,Auto-selected key RS flood river station in Gravatai; public/operator and coverage audited before model use.,2000-01-01,RIO GRAVATAI,True,False
87450003,PRACA DA HARMONIA,RIO GUAIBA,PORTO ALEGRE,-30.0347,-51.2414,DNIT,DNIT,1941-06-01 00:00:00,2008-12-01 00:00:00,,,,,87450003,1.9,auto_relevant_key_river,Guaiba,Auto-selected key RS flood river station in Guaiba; public/operator and coverage audited before model use.,2000-01-01,RIO GUAIBA,True,False
87450005,ILHA DA PINTADA,RIO GUAIBA,PORTO ALEGRE,-30.03,-51.2506,ANA,SGB-CPRM,1982-02-01 00:00:00,,1982-02-01 00:00:00,2000-05-01 00:00:00,,,87450005,1.9,auto_relevant_key_river,Guaiba,Auto-selected key RS flood river station in Guaiba; public/operator and coverage audited before model use.,2000-01-01,RIO GUAIBA,True,False
87460140,IPANEMA 47 3,RIO GUAIBA,PORTO ALEGRE,-30.15,-51.2333,DMAE,DMAE,1971-03-01 00:00:00,,,,,,87460140,1.9,auto_relevant_key_river,Guaiba,Auto-selected key RS flood river station in Guaiba; public/operator and coverage audited before model use.,2000-01-01,RIO GUAIBA,True,False
87460150,ESPIRITO SANTO 47 4,RIO GUAIBA,PORTO ALEGRE,-30.1497,-51.2256,DMAE,DMAE,1971-03-01 00:00:00,,,,,,87460150,1.9,auto_relevant_key_river,Guaiba,Auto-selected key RS flood river station in Guaiba; public/operator and coverage audited before model use.,2000-01-01,RIO GUAIBA,True,False
87460155,RIO GUAIBA 51B,RIO GUAIBA,PORTO ALEGRE,-30.2,-51.3,DMAE,DMAE,1971-04-01 00:00:00,,,,,,87460155,1.9,auto_relevant_key_river,Guaiba,Auto-selected key RS flood river station in Guaiba; public/operator and coverage audited before model use.,2000-01-01,RIO GUAIBA,True,False
87460210,RIO GUAIBA 50,RIO GUAIBA,PORTO ALEGRE,-30.2667,-51.2167,DMAE,DMAE,1971-03-01 00:00:00,,,,,,87460210,1.9,auto_relevant_key_river,Guaiba,Auto-selected key RS flood river station in Guaiba; public/operator and coverage audited before model use.,2000-01-01,RIO GUAIBA,True,False
87460220,PONTA GROSSA,RIO GUAIBA,PORTO ALEGRE,-30.1886,-51.2425,ANA,ANA,1984-12-01 00:00:00,2014-01-01 00:00:00,,,,,87460220,1.9,auto_relevant_key_river,Guaiba,Auto-selected key RS flood river station in Guaiba; public/operator and coverage audited before model use.,2000-01-01,RIO GUAIBA,True,False
87500020,PONTA DOS COATIS,RIO GUAIBA,PORTO ALEGRE,-30.2592,-51.1558,ANA,SGB-CPRM,1984-09-01 00:00:00,,1984-09-01 00:00:00,2017-07-01 00:00:00,,,87500020,1.9,auto_relevant_key_river,Guaiba,Auto-selected key RS flood river station in Guaiba; public/operator and coverage audited before model use.,2000-01-01,RIO GUAIBA,True,False
85190000,LINHA JACUI MIRIM,RIO JACUI MIRIM,IBIRUBA,-28.6731,-53.1672,SEMA-RS,MAGNA,2002-07-01 00:00:00,2009-05-01 00:00:00,,,,,85190000,1.9,auto_relevant_key_river,Jacui,Auto-selected key RS flood river station in Jacui; public/operator and coverage audited before model use.,2000-01-01,RIO JACUI MIRIM,True,False
85381000,RINCAO SAO LUIZ,RIO JACUIZINHO,ESTRELA VELHA,-29.2769,-53.1447,SEMA-RS,MAGNA,2002-06-01 00:00:00,2009-05-01 00:00:00,,,,,85381000,1.9,auto_relevant_key_river,Jacui,Auto-selected key RS flood river station in Jacui; public/operator and coverage audited before model use.,2000-01-01,RIO JACUIZINHO,True,False
85410000,PASSO SAINT CLAIR,RIO JACUI,AGUDO,-29.5456,-53.3164,SEMA-RS,SEMA-RS,2002-06-01 00:00:00,2003-10-01 00:00:00,,,,,85410000,1.9,auto_relevant_key_river,Jacui,Auto-selected key RS flood river station in Jacui; public/operator and coverage audited before model use.,2000-01-01,RIO JACUI,True,False
85680500,BARRAGEM ANEL DOM MARCO ECLUSA,RIO JACUI,RIO PARDO,-30.09,-52.4956,DNIT,DNIT,1971-01-01 00:00:00,2008-12-01 00:00:00,,,,,85680500,1.9,auto_relevant_key_river,Jacui,Auto-selected key RS flood river station in Jacui; public/operator and coverage audited before model use.,2000-01-01,RIO JACUI,True,False
87040100,FOZ DO RIO JACUI57,RIO JACUI,TRIUNFO,-29.95,-51.3167,DMAE,DMAE,1971-02-01 00:00:00,,,,,,87040100,1.9,auto_relevant_key_river,Jacui,Auto-selected key RS flood river station in Jacui; public/operator and coverage audited before model use.,2000-01-01,RIO JACUI,True,False
87401800,PASSO FEIJO (ARROIO FEIJO),LAGOA DOS PATOS,PORTO ALEGRE,-30.0114,-51.0931,ANA,ANA,1991-08-01 00:00:00,2005-09-01 00:00:00,1991-08-01 00:00:00,2005-09-01 00:00:00,,,87401800,1.9,auto_relevant_key_river,Laguna dos Patos,Auto-selected key RS flood river station in Laguna dos Patos; public/operator and coverage audited before model use.,2000-01-01,LAGOA DOS PATOS,True,False
87540000,ARAMBARE,LAGOA DOS PATOS,ARAMBARE,-30.9067,-51.4928,ANA,SGB-CPRM,1982-02-01 00:00:00,,1982-02-01 00:00:00,2023-06-01 00:00:00,,,87540000,1.9,auto_relevant_key_river,Laguna dos Patos,Auto-selected key RS flood river station in Laguna dos Patos; public/operator and coverage audited before model use.,2000-01-01,LAGOA DOS PATOS,True,False
87921000,SAO LOURENCO,LAGOA DOS PATOS,SAO LOURENCO DO SUL,-31.3778,-51.9589,ANA,SGB-CPRM,1984-07-01 00:00:00,,1984-07-01 00:00:00,2023-06-01 00:00:00,,,87921000,1.9,auto_relevant_key_river,Laguna dos Patos,Auto-selected key RS flood river station in Laguna dos Patos; public/operator and coverage audited before model use.,2000-01-01,LAGOA DOS PATOS,True,False
87955000,LARANJAL,LAGOA DOS PATOS,PELOTAS,-31.7725,-52.2253,ANA,SGB-CPRM,1984-09-01 00:00:00,,,,,,87955000,1.9,auto_relevant_key_river,Laguna dos Patos,Auto-selected key RS flood river station in Laguna dos Patos; public/operator and coverage audited before model use.,2000-01-01,LAGOA DOS PATOS,True,False
87374000,TAQUARA MONTANTE,RIO DOS SINOS,TAQUARA,-29.72,-50.7342,ANA,SGB-CPRM,1996-08-01 00:00:00,,,,,,87374000,1.9,auto_relevant_key_river,Sinos,Auto-selected key RS flood river station in Sinos; public/operator and coverage audited before model use.,2000-01-01,RIO DOS SINOS,True,False
87393000,FOZ DO RIO DOS SINOS 59,RIO DOS SINOS,CANOAS,-29.9331,-51.2333,DMAE,DMAE,1971-02-01 00:00:00,,,,,,87393000,1.9,auto_relevant_key_river,Sinos,Auto-selected key RS flood river station in Sinos; public/operator and coverage audited before model use.,2000-01-01,RIO DOS SINOS,True,False
86100000,PASSO DO GABRIEL,RIO DAS ANTAS,JAQUIRANA,-28.8056,-50.495,ANA,SGB-CPRM,1940-09-01 00:00:00,,,,,,86100000,1.9,auto_relevant_key_river,Taquari-Antas,Auto-selected key RS flood river station in Taquari-Antas; public/operator and coverage audited before model use.,2000-01-01,RIO DAS ANTAS,True,False
86470000,PONTE DO RIO DAS ANTAS,RIO DAS ANTAS,VERANOPOLIS,-29.045,-51.5669,ANA,ANA,1970-04-01 00:00:00,2008-04-01 00:00:00,,,,,86470000,1.9,auto_relevant_key_river,Taquari-Antas,Auto-selected key RS flood river station in Taquari-Antas; public/operator and coverage audited before model use.,2000-01-01,RIO DAS ANTAS,True,False
87260000,BARRAGEM RIO BRANCO,RIO CAI,CAPELA DE SANTANA,-29.6608,-51.4178,DEPRC,DEPRC,1932-11-01 00:00:00,,,,,,87260000,2.0,auto_relevant_key_river,Cai,Auto-selected key RS flood river station in Cai; public/operator and coverage audited before model use.,2000-01-01,RIO CAI,True,False
87405500,PORTO ALEGRE,RIO GRAVATAI,PORTO ALEGRE,-29.9547,-51.1278,FEPAM-RS,FEPAM-RS,1800-01-01 00:00:00,,,,,,87405500,2.0,auto_relevant_key_river,Gravatai,Auto-selected key RS flood river station in Gravatai; public/operator and coverage audited before model use.,2000-01-01,RIO GRAVATAI,True,False
87450000,PORTO ALEGRE,RIO GUAIBA,PORTO ALEGRE,-30.0278,-51.2322,ANA,ANA,1929-08-01 00:00:00,1952-12-01 00:00:00,1929-08-01 00:00:00,1952-12-01 00:00:00,,,87450000,2.0,long_history_local,Guaiba,Porto Alegre/Guaiba: long historical local record.,2000-01-01,RIO GUAIBA,True,False
87510001,FAROL DE ITAPUA,RIO GUAIBA,VIAMAO,-30.3833,-51.05,ANA,ANA,1982-02-01 00:00:00,1991-12-01 00:00:00,,,1982-01-01 00:00:00,1991-01-01 00:00:00,87510001,2.0,outlet_context,Guaiba,Farol de Itapua/Guaiba: outlet-to-Laguna dos Patos context.,2000-01-01,RIO GUAIBA,True,True
76560000,MANOEL VIANA,RIO IBICUI,MANOEL VIANA,-29.5958,-55.4814,ANA,SGB-CPRM,1967-06-01 00:00:00,,,,1996-03-01 00:00:00,,76560000,2.0,tributary_context,Ibicui,Manoel Viana/Ibicui: upstream western flood context.,2000-01-01,RIO IBICUI,True,True
76800000,PASSO MARIANO PINTO,RIO IBICUI,ITAQUI,-29.3092,-56.0553,ANA,SGB-CPRM,1941-10-01 00:00:00,,,,1996-03-01 00:00:00,,76800000,2.0,tributary_context,Ibicui,Passo Mariano Pinto/Ibicui: large western tributary context.,2000-01-01,RIO IBICUI,True,True
85080000,ESPUMOSO,RIO JACUI,ESPUMOSO,-28.7208,-52.84,DEPRC,DEPRC,1941-07-01 00:00:00,,,,,,85080000,2.0,auto_relevant_key_river,Jacui,Auto-selected key RS flood river station in Jacui; public/operator and coverage audited before model use.,2000-01-01,RIO JACUI,True,False
85140010,ALTO AGRE,RIO JACUI,ALTO ALEGRE,-28.7497,-52.9883,FEPAM-RS,FEPAM-RS,1800-01-01 00:00:00,,,,,,85140010,2.0,auto_relevant_key_river,Jacui,Auto-selected key RS flood river station in Jacui; public/operator and coverage audited before model use.,2000-01-01,RIO JACUI,True,False
85170000,CGH CASCATA DO PINHEIRINHO,RIO JACUI MIRIM,IBIRUBA,-28.5656,-53.2519,COPREL,COPREL,2002-11-01 00:00:00,,,,,,85170000,2.0,auto_relevant_key_river,Jacui,Auto-selected key RS flood river station in Jacui; public/operator and coverage audited before model use.,2000-01-01,RIO JACUI MIRIM,True,False
85365100,UHE ITAUBA JUSANTE,RIO JACUI,PINHAL GRANDE,-29.2656,-53.2314,CEEE,CEEE,1976-03-01 00:00:00,2012-12-01 00:00:00,,,,,85365100,2.0,auto_relevant_key_river,Jacui,Auto-selected key RS flood river station in Jacui; public/operator and coverage audited before model use.,2000-01-01,RIO JACUI,True,False
85370000,ITAUBA IV (JUSANTE BARRAGEM),RIO JACUI,PINHAL GRANDE,-29.2653,-53.2314,CEEE,CEEE,1976-03-01 00:00:00,2000-12-01 00:00:00,1976-03-01 00:00:00,2000-12-01 00:00:00,,,85370000,2.0,auto_relevant_key_river,Jacui,Auto-selected key RS flood river station in Jacui; public/operator and coverage audited before model use.,2000-01-01,RIO JACUI,True,False
85400000,DONA FRANCISCA,RIO JACUI,DONA FRANCISCA,-29.6269,-53.3528,ANA,SGB-CPRM,1939-12-01 00:00:00,,1985-10-01 00:00:00,1986-11-01 00:00:00,2002-07-01 00:00:00,,85400000,2.0,upstream_context,Jacui,Dona Francisca/Jacui: upstream regulated Jacui context.,2000-01-01,RIO JACUI,True,True
85425000,PORTO ALVES,RIO JACUI,AGUDO,-29.7833,-53.2833,DEPRC,DEPRC,1952-01-01 00:00:00,,,,,,85425000,2.0,auto_relevant_key_river,Jacui,Auto-selected key RS flood river station in Jacui; public/operator and coverage audited before model use.,2000-01-01,RIO JACUI,True,False
85427000,CERRO CHATO,RIO JACUI,AGUDO,-29.7,-53.2833,DEPRC,DEPRC,1976-01-01 00:00:00,,,,,,85427000,2.0,auto_relevant_key_river,Jacui,Auto-selected key RS flood river station in Jacui; public/operator and coverage audited before model use.,2000-01-01,RIO JACUI,True,False
85430000,ITAIPAVA DOS CARVALHOS,RIO JACUI,RESTINGA SECA,-29.7994,-53.1656,DEPRC,DEPRC,1974-08-01 00:00:00,,,,,,85430000,2.0,auto_relevant_key_river,Jacui,Auto-selected key RS flood river station in Jacui; public/operator and coverage audited before model use.,2000-01-01,RIO JACUI,True,False
85435000,PASSO DA GUARDINHA,RIO JACUI,PARAISO DO SUL,-29.8492,-53.1111,DEPRC,DEPRC,1951-01-01 00:00:00,,,,,,85435000,2.0,auto_relevant_key_river,Jacui,Auto-selected key RS flood river station in Jacui; public/operator and coverage audited before model use.,2000-01-01,RIO JACUI,True,False
85644000,BARRAGEM DO FANDANGO MONT,RIO JACUI,CACHOEIRA DO SUL,-30.0625,-52.8978,DEPRC,DEPRC,1955-01-01 00:00:00,,,,,,85644000,2.0,auto_relevant_key_river,Jacui,Auto-selected key RS flood river station in Jacui; public/operator and coverage audited before model use.,2000-01-01,RIO JACUI,True,False
85645000,BARRAGEM DO FANDANGO JUS,RIO JACUI,CACHOEIRA DO SUL,-30.0664,-52.8978,DEPRC,DEPRC,1955-01-01 00:00:00,,,,,,85645000,2.0,auto_relevant_key_river,Jacui,Auto-selected key RS flood river station in Jacui; public/operator and coverage audited before model use.,2000-01-01,RIO JACUI,True,False
85650000,CACHOEIRA,RIO JACUI,CACHOEIRA DO SUL,-30.0622,-52.8978,ANA,ANA,1934-01-01 00:00:00,1956-06-01 00:00:00,,,,,85650000,2.0,upstream_context,Jacui,Cachoeira/Jacui: long Cachoeira do Sul-area record.,2000-01-01,RIO JACUI,True,False
85910000,RIO PARDO,RIO JACUI,RIO PARDO,-29.9975,-52.3661,DEPRC,DEPRC,1939-12-01 00:00:00,,,,,,85910000,2.0,auto_relevant_key_river,Jacui,Auto-selected key RS flood river station in Jacui; public/operator and coverage audited before model use.,2000-01-01,RIO JACUI,True,False
85911000,RIO PARDO PK 157,RIO JACUI,RIO PARDO,-30.0669,-52.42,DEPRC,DEPRC,1982-08-01 00:00:00,,,,,,85911000,2.0,auto_relevant_key_river,Jacui,Auto-selected key RS flood river station in Jacui; public/operator and coverage audited before model use.,2000-01-01,RIO JACUI,True,False
85940000,PASSO CACHOEIRINHA,RIO JACUI,GENERAL CAMARA,-29.95,-51.7667,DEPRC,DEPRC,1982-12-01 00:00:00,,,,,,85940000,2.0,auto_relevant_key_river,Jacui,Auto-selected key RS flood river station in Jacui; public/operator and coverage audited before model use.,2000-01-01,RIO JACUI,True,False
87039300,GRANJA CAROLA,RIO JACUI,TRIUNFO,-29.9264,-51.5717,AXIA SUL,AXIA SUL,1982-12-01 00:00:00,2012-12-01 00:00:00,,,,,87039300,2.0,auto_relevant_key_river,Jacui,Auto-selected key RS flood river station in Jacui; public/operator and coverage audited before model use.,2000-01-01,RIO JACUI,True,False
87421000,RINCAO CRISTOVAO PEREIRA,LAGOA DOS PATOS,MOSTARDAS,-31.0983,-51.1019,DEPRC,DEPRC,1999-01-01 00:00:00,,,,,,87421000,2.0,auto_relevant_key_river,Laguna dos Patos,Auto-selected key RS flood river station in Laguna dos Patos; public/operator and coverage audited before model use.,2000-01-01,LAGOA DOS PATOS,True,False
87422000,SANTA RITA,LAGOA DOS PATOS,ARAMBARE,-31.1092,-51.5356,DEPRC,DEPRC,1999-01-01 00:00:00,,,,,,87422000,2.0,auto_relevant_key_river,Laguna dos Patos,Auto-selected key RS flood river station in Laguna dos Patos; public/operator and coverage audited before model use.,2000-01-01,LAGOA DOS PATOS,True,False
87423000,SAO LOURENCO DO SUL,LAGOA DOS PATOS,SAO LOURENCO DO SUL,-31.3772,-51.9658,DEPRC,DEPRC,1999-01-01 00:00:00,,,,,,87423000,2.0,auto_relevant_key_river,Laguna dos Patos,Auto-selected key RS flood river station in Laguna dos Patos; public/operator and coverage audited before model use.,2000-01-01,LAGOA DOS PATOS,True,False
87424000,FAROL DE TAPOA,LAGOA DOS PATOS,TAVARES,-31.3103,-51.1636,DEPRC,DEPRC,1999-01-01 00:00:00,,,,,,87424000,2.0,auto_relevant_key_river,Laguna dos Patos,Auto-selected key RS flood river station in Laguna dos Patos; public/operator and coverage audited before model use.,2000-01-01,LAGOA DOS PATOS,True,False
87425000,BUJURU,LAGOA DOS PATOS,SAO JOSE DO NORTE,-31.5711,-51.4594,DEPRC,DEPRC,1999-01-01 00:00:00,,,,,,87425000,2.0,auto_relevant_key_river,Laguna dos Patos,Auto-selected key RS flood river station in Laguna dos Patos; public/operator and coverage audited before model use.,2000-01-01,LAGOA DOS PATOS,True,False
87385000,SIDERURGICA RIOGRANDENSE,RIO DOS SINOS,SAPUCAIA DO SUL,-29.8167,-51.1833,DEPRC,DEPRC,1969-12-01 00:00:00,,,,,,87385000,2.0,auto_relevant_key_river,Sinos,Auto-selected key RS flood river station in Sinos; public/operator and coverage audited before model use.,2000-01-01,RIO DOS SINOS,True,False
86370000,CGH SALTINHO MONTANTE 2,RIO TAQUARI,VACARIA,-28.5931,-51.2725,CPFL-SUL,CPFL-SUL,2002-01-01 00:00:00,2018-03-01 00:00:00,,,,,86370000,2.0,auto_relevant_key_river,Taquari-Antas,Auto-selected key RS flood river station in Taquari-Antas; public/operator and coverage audited before model use.,2000-01-01,RIO TAQUARI,True,False
86460000,MONTE CLARO,RIO DAS ANTAS,VERANOPOLIS,-29.0333,-51.5167,CEEE,CEEE,1925-10-01 00:00:00,2001-12-01 00:00:00,,,,,86460000,2.0,long_history_upstream,Taquari-Antas,Monte Claro/Rio das Antas: long upstream Antas record.,2000-01-01,RIO DAS ANTAS,True,False
86743000,ARROIO DO MEIO,RIO TAQUARI,ARROIO DO MEIO,-29.4,-51.9333,DEPRC,DEPRC,1962-03-01 00:00:00,,,,,,86743000,2.0,auto_relevant_key_river,Taquari-Antas,Auto-selected key RS flood river station in Taquari-Antas; public/operator and coverage audited before model use.,2000-01-01,RIO TAQUARI,True,False
86800001,PONTE FORQUETA,RIO TAQUARI,ARROIO DO MEIO,-29.4156,-51.9508,DEPRC,DEPRC,1946-08-01 00:00:00,,,,,,86800001,2.0,auto_relevant_key_river,Taquari-Antas,Auto-selected key RS flood river station in Taquari-Antas; public/operator and coverage audited before model use.,2000-01-01,RIO TAQUARI,True,False
86880050,PICADA DO CARNEIRO,RIO TAQUARI,LAJEADO,-29.4497,-51.9181,DEPRC,DEPRC,1961-12-01 00:00:00,,,,,,86880050,2.0,auto_relevant_key_river,Taquari-Antas,Auto-selected key RS flood river station in Taquari-Antas; public/operator and coverage audited before model use.,2000-01-01,RIO TAQUARI,True,False
86888000,JUSANTE JASPER,RIO TAQUARI,CRUZEIRO DO SUL,-29.6247,-51.9528,DEPRC,DEPRC,1969-09-01 00:00:00,,,,,,86888000,2.0,auto_relevant_key_river,Taquari-Antas,Auto-selected key RS flood river station in Taquari-Antas; public/operator and coverage audited before model use.,2000-01-01,RIO TAQUARI,True,False
86900000,PORTO GOMES,RIO TAQUARI,VENANCIO AIRES,-29.7,-51.9667,DEPRC,DEPRC,1948-05-01 00:00:00,,,,,,86900000,2.0,auto_relevant_key_river,Taquari-Antas,Auto-selected key RS flood river station in Taquari-Antas; public/operator and coverage audited before model use.,2000-01-01,RIO TAQUARI,True,False
87309000,ITATI,RIO TRES FORQUILHAS,TRES FORQUILHAS,-29.5094,-50.0908,ANA,SGB-CPRM,2015-04-01 00:00:00,,,,,,87309000,2.0,modeled_gauge,Tres Forquilhas,Itati/Tres Forquilhas: current modeled north-coast gauge.,2000-01-01,RIO TRES FORQUILHAS,True,False
77150000,URUGUAIANA,RIO URUGUAI,URUGUAIANA,-29.7486,-57.0886,ANA,SGB-CPRM,1939-12-01 00:00:00,,1939-12-01 00:00:00,1984-10-01 00:00:00,1996-03-01 00:00:00,,77150000,2.0,modeled_gauge,Uruguai,Uruguaiana/Rio Uruguai: modeled border-river gauge with official threshold.,2000-01-01,RIO URUGUAI,True,True
87905000,PASSO DO MENDONCA,RIO CAMAQUA,CRISTAL,-31.0119,-52.0525,ANA,SGB-CPRM,1964-05-01 00:00:00,,,,2014-11-01 00:00:00,,87905000,2.65,auto_relevant_key_river,Camaqua,Auto-selected key RS flood river station in Camaqua; public/operator and coverage audited before model use.,2000-01-01,RIO CAMAQUA,True,True
87905010,CRISTAL,RIO CAMAQUA,CRISTAL,-31.0122,-52.0525,DCRS,DCRS,2026-04-01 00:00:00,,,,2026-04-01 00:00:00,,87905010,2.65,auto_relevant_key_river,Camaqua,Auto-selected key RS flood river station in Camaqua; public/operator and coverage audited before model use.,2000-01-01,RIO CAMAQUA,True,True
76111010,PASSO SANTA VITORIA,RIO IBICUI,CACEQUI,-29.8372,-54.7981,SEMA-RS,SEMA-RS,,,,,2019-09-01 00:00:00,2024-10-01 00:00:00,76111010,2.65,auto_relevant_key_river,Ibicui,Auto-selected key RS flood river station in Ibicui; public/operator and coverage audited before model use.,2000-01-01,RIO IBICUI,False,True
76290000,PASSO DOS FARRAPOS,RIO IBICUI DA ARMADA,ROSARIO DO SUL,-30.5183,-55.0431,SEMA-RS,SEMA-RS,2014-11-01 00:00:00,2023-05-01 00:00:00,,,2014-11-01 00:00:00,,76290000,2.65,auto_relevant_key_river,Ibicui,Auto-selected key RS flood river station in Ibicui; public/operator and coverage audited before model use.,2000-01-01,RIO IBICUI DA ARMADA,True,True
76300000,PONTE IBICUI DA ARMADA,RIO IBICUI DA ARMADA,ROSARIO DO SUL,-30.2808,-54.9031,ANA,SGB-CPRM,1967-05-01 00:00:00,,,,2019-07-01 00:00:00,,76300000,2.65,auto_relevant_key_river,Ibicui,Auto-selected key RS flood river station in Ibicui; public/operator and coverage audited before model use.,2000-01-01,RIO IBICUI DA ARMADA,True,True
76500040,JACAQUA,RIO IBICUI,ALEGRETE,-29.6869,-55.1964,SEMA-RS,SEMA-RS,2018-12-01 00:00:00,,,,2018-12-01 00:00:00,,76500040,2.65,auto_relevant_key_river,Ibicui,Auto-selected key RS flood river station in Ibicui; public/operator and coverage audited before model use.,2000-01-01,RIO IBICUI,True,True
76560003,MANOEL VIANA,RIO IBICUI,MANOEL VIANA,-29.5961,-55.4817,DCRS,DCRS,2026-02-01 00:00:00,,,,2026-03-01 00:00:00,,76560003,2.65,auto_relevant_key_river,Ibicui,Auto-selected key RS flood river station in Ibicui; public/operator and coverage audited before model use.,2000-01-01,RIO IBICUI,True,True
85734900,PROP. CANDELARIA,RIO PARDO,CANDELARIA,-29.6569,-52.7864,SEMA-RS,SEMA-RS,2019-04-01 00:00:00,2021-02-01 00:00:00,,,2019-04-01 00:00:00,2021-02-01 00:00:00,85734900,2.65,auto_relevant_key_river,Pardo,Auto-selected key RS flood river station in Pardo; public/operator and coverage audited before model use.,2000-01-01,RIO PARDO,True,True
87309010,ITATI,RIO TRES FORQUILHAS,TRES FORQUILHAS,-29.5097,-50.0911,SEMA-RS,SEMA-RS,2018-11-01 00:00:00,,,,2018-11-01 00:00:00,,87309010,2.65,auto_relevant_key_river,Tres Forquilhas,Auto-selected key RS flood river station in Tres Forquilhas; public/operator and coverage audited before model use.,2000-01-01,RIO TRES FORQUILHAS,True,True
73010000,MARCELINO RAMOS,RIO URUGUAI,MARCELINO RAMOS,-27.4611,-51.9044,ANA,ANA,1939-10-01 00:00:00,2000-09-01 00:00:00,1987-07-01 00:00:00,2000-09-01 00:00:00,1996-03-01 00:00:00,2000-09-01 00:00:00,73010000,2.65,auto_relevant_key_river,Uruguai,Auto-selected key RS flood river station in Uruguai; public/operator and coverage audited before model use.,2000-01-01,RIO URUGUAI,True,True
74500000,ALTO URUGUAI,RIO URUGUAI,TIRADENTES DO SUL,-27.3019,-54.1397,ANA,SGB-CPRM,1941-07-01 00:00:00,,,,1992-09-01 00:00:00,,74500000,2.65,auto_relevant_key_river,Uruguai,Auto-selected key RS flood river station in Uruguai; public/operator and coverage audited before model use.,2000-01-01,RIO URUGUAI,True,True
74720000,PORTO MAUA,RIO URUGUAI,PORTO MAUA,-27.5781,-54.6831,ANA,SGB-CPRM,2018-12-01 00:00:00,,,,2018-12-01 00:00:00,,74720000,2.65,auto_relevant_key_river,Uruguai,Auto-selected key RS flood river station in Uruguai; public/operator and coverage audited before model use.,2000-01-01,RIO URUGUAI,True,True
74800000,PORTO LUCENA,RIO URUGUAI,PORTO LUCENA,-27.8525,-55.0256,ANA,SGB-CPRM,1949-03-01 00:00:00,,,,2004-06-01 00:00:00,,74800000,2.65,auto_relevant_key_river,Uruguai,Auto-selected key RS flood river station in Uruguai; public/operator and coverage audited before model use.,2000-01-01,RIO URUGUAI,True,True
75550000,GARRUCHOS,RIO URUGUAI,GARRUCHOS,-28.1822,-55.6433,ANA,SGB-CPRM,1949-03-01 00:00:00,,,,2018-07-01 00:00:00,,75550000,2.65,auto_relevant_key_river,Uruguai,Auto-selected key RS flood river station in Uruguai; public/operator and coverage audited before model use.,2000-01-01,RIO URUGUAI,True,True
75900000,ITAQUI,RIO URUGUAI,ITAQUI,-29.1175,-56.5544,ANA,SGB-CPRM,1939-12-01 00:00:00,,,,2012-07-01 00:00:00,,75900000,2.65,auto_relevant_key_river,Uruguai,Auto-selected key RS flood river station in Uruguai; public/operator and coverage audited before model use.,2000-01-01,RIO URUGUAI,True,True
85438001,RESTINGA SECA,RIO VACACAI MIRIM,RESTINGA SECA,-29.8011,-53.3689,DCRS,DCRS,2026-02-01 00:00:00,,,,2026-02-01 00:00:00,,85438001,2.65,auto_relevant_key_river,Vacacai,Auto-selected key RS flood river station in Vacacai; public/operator and coverage audited before model use.,2000-01-01,RIO VACACAI MIRIM,True,True
85438510,PONTE VACACAI MIRIM CPRM,RIO VACACAI MIRIM,RESTINGA SECA,-29.8011,-53.3681,SEMA-RS,SEMA-RS,1800-01-01 00:00:00,,,,2019-04-01 00:00:00,,85438510,2.65,auto_relevant_key_river,Vacacai,Auto-selected key RS flood river station in Vacacai; public/operator and coverage audited before model use.,2000-01-01,RIO VACACAI MIRIM,True,True
85470010,PONTE BR 290 VACACAI,RIO VACACAI,SAO GABRIEL,-30.3603,-54.3122,SEMA-RS,SEMA-RS,2018-12-01 00:00:00,2023-02-01 00:00:00,,,2018-12-01 00:00:00,2023-02-01 00:00:00,85470010,2.65,auto_relevant_key_river,Vacacai,Auto-selected key RS flood river station in Vacacai; public/operator and coverage audited before model use.,2000-01-01,RIO VACACAI,True,True
85470200,SAO GABRIEL,RIO VACACAI,SAO GABRIEL,-30.3414,-54.3058,DCRS,DCRS,2025-12-01 00:00:00,,,,2025-11-01 00:00:00,,85470200,2.65,auto_relevant_key_river,Vacacai,Auto-selected key RS flood river station in Vacacai; public/operator and coverage audited before model use.,2000-01-01,RIO VACACAI,True,True
85480010,PASSO DO ROCHA,RIO VACACAI,SAO GABRIEL,-30.2319,-53.9856,SEMA-RS,SEMA-RS,2018-12-01 00:00:00,,,,2018-12-01 00:00:00,,85480010,2.65,auto_relevant_key_river,Vacacai,Auto-selected key RS flood river station in Vacacai; public/operator and coverage audited before model use.,2000-01-01,RIO VACACAI,True,True
85590900,PASSO DAS TUNAS,RIO VACACAI,FORMIGUEIRO,-29.9258,-53.4164,SEMA-RS,SEMA-RS,2018-12-01 00:00:00,2024-06-01 00:00:00,,,2018-12-01 00:00:00,2024-06-01 00:00:00,85590900,2.65,auto_relevant_key_river,Vacacai,Auto-selected key RS flood river station in Vacacai; public/operator and coverage audited before model use.,2000-01-01,RIO VACACAI,True,True
74040080,UHE FOZ DO CHAPECO BARRAMENTO,RIO URUGUAI,ALPESTRE,-27.14,-53.0433,FOZ DO CHAPECÓ,FOZ DO CHAPECÓ,2010-08-01 00:00:00,,,,2010-08-01 00:00:00,,74040080,2.75,auto_relevant_key_river,Uruguai,Auto-selected key RS flood river station in Uruguai; public/operator and coverage audited before model use.,2000-01-01,RIO URUGUAI,True,True
87590000,PASSO DO CACAO,RIO CAMAQUA,BAGE,-30.9597,-53.4903,ANA,ANA,1973-01-01 00:00:00,2009-08-01 00:00:00,,,,,87590000,2.9,auto_relevant_key_river,Camaqua,Auto-selected key RS flood river station in Camaqua; public/operator and coverage audited before model use.,2000-01-01,RIO CAMAQUA,True,False
87670000,PASSO DAS CARRETAS,RIO CAMAQUA,SANTANA DA BOA VIST,-30.9733,-53.0461,ANA,SGB-CPRM,2000-01-01 00:00:00,,,,,,87670000,2.9,auto_relevant_key_river,Camaqua,Auto-selected key RS flood river station in Camaqua; public/operator and coverage audited before model use.,2000-01-01,RIO CAMAQUA,True,False
87915000,PACHECA,RIO CAMAQUA,CAMAQUA,-31.1306,-51.7886,ANA,SGB-CPRM,1976-11-01 00:00:00,,,,,,87915000,2.9,auto_relevant_key_river,Camaqua,Auto-selected key RS flood river station in Camaqua; public/operator and coverage audited before model use.,2000-01-01,RIO CAMAQUA,True,False
76395000,PASSAGEM BR 287,RIO IBICUI MIRIM,SANTA MARIA,-29.665,-54.1067,ANA,ANA,2000-04-01 00:00:00,2015-01-01 00:00:00,,,,,76395000,2.9,auto_relevant_key_river,Ibicui,Auto-selected key RS flood river station in Ibicui; public/operator and coverage audited before model use.,2000-01-01,RIO IBICUI MIRIM,True,False
76500000,JACAQUA,RIO IBICUI,ALEGRETE,-29.6869,-55.1961,ANA,SGB-CPRM,1941-11-01 00:00:00,,,,,,76500000,2.9,auto_relevant_key_river,Ibicui,Auto-selected key RS flood river station in Ibicui; public/operator and coverage audited before model use.,2000-01-01,RIO IBICUI,True,False
85731000,RIO PARDO (CANDELARIA),RIO PARDO,CANDELARIA,-29.5428,-52.8156,SEMA-RS,MAGNA,2002-07-01 00:00:00,2009-05-01 00:00:00,,,,,85731000,2.9,auto_relevant_key_river,Pardo,Auto-selected key RS flood river station in Pardo; public/operator and coverage audited before model use.,2000-01-01,RIO PARDO,True,False
85735000,CANDELARIA MONTANTE,RIO PARDO,CANDELARIA,-29.6578,-52.7867,ANA,SGB-CPRM,2001-11-01 00:00:00,,,,,,85735000,2.9,auto_relevant_key_river,Pardo,Auto-selected key RS flood river station in Pardo; public/operator and coverage audited before model use.,2000-01-01,RIO PARDO,True,False
85740000,CANDELARIA,RIO PARDO,CANDELARIA,-29.6733,-52.7694,ANA,ANA,1984-10-01 00:00:00,2001-11-01 00:00:00,,,,,85740000,2.9,auto_relevant_key_river,Pardo,Auto-selected key RS flood river station in Pardo; public/operator and coverage audited before model use.,2000-01-01,RIO PARDO,True,False
85889000,RIO PARDO SEDE,RIO PARDO,RIO PARDO,-29.9764,-52.3811,SEMA-RS,MAGNA,2003-11-01 00:00:00,2003-09-01 00:00:00,,,,,85889000,2.9,auto_relevant_key_river,Pardo,Auto-selected key RS flood river station in Pardo; public/operator and coverage audited before model use.,2000-01-01,RIO PARDO,True,False
85891000,RIO PARDO,RIO PARDO,RIO PARDO,-29.9339,-52.4308,SEMA-RS,MAGNA,2002-05-01 00:00:00,2009-05-01 00:00:00,,,,,85891000,2.9,auto_relevant_key_river,Pardo,Auto-selected key RS flood river station in Pardo; public/operator and coverage audited before model use.,2000-01-01,RIO PARDO,True,False
72300000,PASSO DO VIRGILIO,RIO URUGUAI,MACHADINHO,-27.5011,-51.7136,ANA,ANA,1949-03-01 00:00:00,2001-09-01 00:00:00,,,,,72300000,2.9,auto_relevant_key_river,Uruguai,Auto-selected key RS flood river station in Uruguai; public/operator and coverage audited before model use.,2000-01-01,RIO URUGUAI,True,False
85437000,VACACAI MIRIM,RIO VACACAI MIRIM,SANTA MARIA,-29.775,-53.5639,SEMA-RS,MAGNA,2002-05-01 00:00:00,2009-05-01 00:00:00,,,,,85437000,2.9,auto_relevant_key_river,Vacacai,Auto-selected key RS flood river station in Vacacai; public/operator and coverage audited before model use.,2000-01-01,RIO VACACAI MIRIM,True,False
85438000,RESTINGA SECA,RIO VACACAI MIRIM,RESTINGA SECA,-29.8011,-53.3689,ANA,SGB-CPRM,1976-11-01 00:00:00,,,,,,85438000,2.9,auto_relevant_key_river,Vacacai,Auto-selected key RS flood river station in Vacacai; public/operator and coverage audited before model use.,2000-01-01,RIO VACACAI MIRIM,True,False
85470000,PONTE SAO GABRIEL,RIO VACACAI,SAO GABRIEL,-30.3597,-54.3133,ANA,SGB-CPRM,1967-10-01 00:00:00,,,,,,85470000,2.9,auto_relevant_key_river,Vacacai,Auto-selected key RS flood river station in Vacacai; public/operator and coverage audited before model use.,2000-01-01,RIO VACACAI,True,False
85480000,PASSO DO ROCHA,RIO VACACAI,SAO GABRIEL,-30.2314,-53.9853,ANA,SGB-CPRM,1969-10-01 00:00:00,,,,,,85480000,2.9,auto_relevant_key_river,Vacacai,Auto-selected key RS flood river station in Vacacai; public/operator and coverage audited before model use.,2000-01-01,RIO VACACAI,True,False
85600000,PASSO DAS TUNAS,RIO VACACAI,FORMIGUEIRO,-29.9258,-53.4167,ANA,SGB-CPRM,1940-02-01 00:00:00,,,,,,85600000,2.9,auto_relevant_key_river,Vacacai,Auto-selected key RS flood river station in Vacacai; public/operator and coverage audited before model use.,2000-01-01,RIO VACACAI,True,False
87730000,PASSO DO MARINHEIRO,RIO CAMAQUA,CANGUCU,-30.9053,-52.8211,CEEE,CEEE,1944-01-01 00:00:00,2001-12-01 00:00:00,,,,,87730000,3.0,auto_relevant_key_river,Camaqua,Auto-selected key RS flood river station in Camaqua; public/operator and coverage audited before model use.,2000-01-01,RIO CAMAQUA,True,False
76800020,PASSO MARIANO PINTO,RIO IBICUI,ITAQUI,-29.3,-56.05,AXIA SUL,AXIA SUL,1973-10-01 00:00:00,2012-12-01 00:00:00,,,,,76800020,3.0,auto_relevant_key_river,Ibicui,Auto-selected key RS flood river station in Ibicui; public/operator and coverage audited before model use.,2000-01-01,RIO IBICUI,True,False
87310000,ITATI,RIO TRES FORQUILHAS,TRES FORQUILHAS,-29.5089,-50.0911,CEEE,CEEE,1962-11-01 00:00:00,2001-12-01 00:00:00,,,,,87310000,3.0,auto_relevant_key_river,Tres Forquilhas,Auto-selected key RS flood river station in Tres Forquilhas; public/operator and coverage audited before model use.,2000-01-01,RIO TRES FORQUILHAS,True,False
74330010,EIXO ITAPIRANGA,RIO URUGUAI,PINHEIRINHO DO VALE,-27.1667,-53.6833,AXIA SUL,AXIA SUL,1974-06-01 00:00:00,2012-12-01 00:00:00,,,,,74330010,3.0,auto_relevant_key_river,Uruguai,Auto-selected key RS flood river station in Uruguai; public/operator and coverage audited before model use.,2000-01-01,RIO URUGUAI,True,False
74770000,SITIO PANAMBI,RIO URUGUAI,ALECRIM,-27.65,-54.9044,AXIA SUL,AXIA SUL,1974-01-01 00:00:00,2012-12-01 00:00:00,,,,,74770000,3.0,auto_relevant_key_river,Uruguai,Auto-selected key RS flood river station in Uruguai; public/operator and coverage audited before model use.,2000-01-01,RIO URUGUAI,True,False
74771000,BARRA DO BUGRE,RIO URUGUAI,PORTO VERA CRUZ,-27.7,-54.9,AXIA SUL,AXIA SUL,1974-06-01 00:00:00,2012-12-01 00:00:00,,,,,74771000,3.0,auto_relevant_key_river,Uruguai,Auto-selected key RS flood river station in Uruguai; public/operator and coverage audited before model use.,2000-01-01,RIO URUGUAI,True,False
74772000,VERA CRUZ PORTO,RIO URUGUAI,PORTO VERA CRUZ,-27.7333,-54.9022,AXIA SUL,AXIA SUL,1973-07-01 00:00:00,2012-12-01 00:00:00,,,,,74772000,3.0,auto_relevant_key_river,Uruguai,Auto-selected key RS flood river station in Uruguai; public/operator and coverage audited before model use.,2000-01-01,RIO URUGUAI,True,False
74773000,VERA CRUZ JUSANTE,RIO URUGUAI,PORTO VERA CRUZ,-27.7486,-54.9197,AXIA SUL,AXIA SUL,1975-04-01 00:00:00,2012-12-01 00:00:00,,,,,74773000,3.0,auto_relevant_key_river,Uruguai,Auto-selected key RS flood river station in Uruguai; public/operator and coverage audited before model use.,2000-01-01,RIO URUGUAI,True,False
74774000,RONCADOR MONTANTE,RIO URUGUAI,PORTO VERA CRUZ,-27.7489,-54.92,AXIA SUL,AXIA SUL,1973-09-01 00:00:00,2012-12-01 00:00:00,,,,,74774000,3.0,auto_relevant_key_river,Uruguai,Auto-selected key RS flood river station in Uruguai; public/operator and coverage audited before model use.,2000-01-01,RIO URUGUAI,True,False
74775000,FINAL RONCADOR,RIO URUGUAI,PORTO VERA CRUZ,-27.7792,-54.9383,AXIA SUL,AXIA SUL,1974-06-01 00:00:00,2012-12-01 00:00:00,,,,,74775000,3.0,auto_relevant_key_river,Uruguai,Auto-selected key RS flood river station in Uruguai; public/operator and coverage audited before model use.,2000-01-01,RIO URUGUAI,True,False
74776000,RONCADOR BRASIL,RIO URUGUAI,PORTO VERA CRUZ,-27.7817,-54.95,AXIA SUL,AXIA SUL,1975-04-01 00:00:00,2012-12-01 00:00:00,,,,,74776000,3.0,auto_relevant_key_river,Uruguai,Auto-selected key RS flood river station in Uruguai; public/operator and coverage audited before model use.,2000-01-01,RIO URUGUAI,True,False
74777000,RONCADOR JUSANTE,RIO URUGUAI,PORTO VERA CRUZ,-27.7811,-54.9647,AXIA SUL,AXIA SUL,1973-09-01 00:00:00,2012-12-01 00:00:00,,,,,74777000,3.0,auto_relevant_key_river,Uruguai,Auto-selected key RS flood river station in Uruguai; public/operator and coverage audited before model use.,2000-01-01,RIO URUGUAI,True,False
74778000,LINHA RONCADOR,RIO URUGUAI,PORTO VERA CRUZ,-27.7806,-54.9928,AXIA SUL,AXIA SUL,1974-06-01 00:00:00,2012-12-01 00:00:00,,,,,74778000,3.0,auto_relevant_key_river,Uruguai,Auto-selected key RS flood river station in Uruguai; public/operator and coverage audited before model use.,2000-01-01,RIO URUGUAI,True,False
74800001,PORTO LUCENA,RIO URUGUAI,PORTO LUCENA,-27.8492,-55.0233,AXIA SUL,AXIA SUL,1973-06-01 00:00:00,2012-12-01 00:00:00,,,,,74800001,3.0,auto_relevant_key_river,Uruguai,Auto-selected key RS flood river station in Uruguai; public/operator and coverage audited before model use.,2000-01-01,RIO URUGUAI,True,False
75550001,GARRUCHOS BRASIL,RIO URUGUAI,GARRUCHOS,-28.1775,-55.6381,AXIA SUL,AXIA SUL,1973-09-01 00:00:00,2012-12-01 00:00:00,,,,,75550001,3.0,auto_relevant_key_river,Uruguai,Auto-selected key RS flood river station in Uruguai; public/operator and coverage audited before model use.,2000-01-01,RIO URUGUAI,True,False
75550002,GARRUCHOS BRASIL JUSANTE,RIO URUGUAI,GARRUCHOS,-28.2092,-55.6883,AXIA SUL,AXIA SUL,1975-10-01 00:00:00,2012-12-01 00:00:00,,,,,75550002,3.0,auto_relevant_key_river,Uruguai,Auto-selected key RS flood river station in Uruguai; public/operator and coverage audited before model use.,2000-01-01,RIO URUGUAI,True,False
75550100,GARABI,RIO URUGUAI,GARRUCHOS,-28.2236,-55.7142,AXIA SUL,AXIA SUL,1973-09-01 00:00:00,2012-12-01 00:00:00,,,,,75550100,3.0,auto_relevant_key_river,Uruguai,Auto-selected key RS flood river station in Uruguai; public/operator and coverage audited before model use.,2000-01-01,RIO URUGUAI,True,False
75900001,ITAQUI,RIO URUGUAI,ITAQUI,-29.1178,-56.5542,AXIA SUL,AXIA SUL,1973-06-01 00:00:00,2012-12-01 00:00:00,,,,,75900001,3.0,auto_relevant_key_river,Uruguai,Auto-selected key RS flood river station in Uruguai; public/operator and coverage audited before model use.,2000-01-01,RIO URUGUAI,True,False
77150001,URUGUAIANA,RIO URUGUAI,URUGUAIANA,-29.7458,-57.0847,AXIA SUL,AXIA SUL,1973-06-01 00:00:00,2012-12-01 00:00:00,,,,,77150001,3.0,auto_relevant_key_river,Uruguai,Auto-selected key RS flood river station in Uruguai; public/operator and coverage audited before model use.,2000-01-01,RIO URUGUAI,True,False
77160000,FAZENDA SAO PEDRO,RIO URUGUAI,BARRA DO QUARAI,-30.1167,-57.4667,AXIA SUL,AXIA SUL,1973-09-01 00:00:00,2012-12-01 00:00:00,,,,,77160000,3.0,auto_relevant_key_river,Uruguai,Auto-selected key RS flood river station in Uruguai; public/operator and coverage audited before model use.,2000-01-01,RIO URUGUAI,True,False
85438500,RIO VACACAI MIRIM (RESTINGA SECA),RIO VACACAI MIRIM,RESTINGA SECA,-29.8011,-53.3689,FEPAM-RS,FEPAM-RS,1800-01-01 00:00:00,,,,,,85438500,3.0,auto_relevant_key_river,Vacacai,Auto-selected key RS flood river station in Vacacai; public/operator and coverage audited before model use.,2000-01-01,RIO VACACAI MIRIM,True,False
85442000,RIO VACACAI (RESTINGA SECA),RIO VACACAI,RESTINGA SECA,-29.9222,-53.4167,FEPAM-RS,FEPAM-RS,1800-01-01 00:00:00,,,,,,85442000,3.0,auto_relevant_key_river,Vacacai,Auto-selected key RS flood river station in Vacacai; public/operator and coverage audited before model use.,2000-01-01,RIO VACACAI,True,False
