river_station_code,river_station_name,river_name,river_municipality,basin,priority,role,rationale,requested_start_date,requested_end_date,nivel_consistencia_selected,observed_days,coverage_rate,first_observation_date,last_observation_date,has_level_period,has_telemetry_period
87150000,LINHA GONZAGA,RIO CAI,CAXIAS DO SUL,Cai,1.0,modeled_gauge,Linha Gonzaga/Cai: current modeled Caxias do Sul gauge.,2000-01-01,2026-06-21,1,5339,0.5522,2010-01-28,2026-01-31,True,True
87160000,NOVA PALMIRA,RIO CAI,CAXIAS DO SUL,Cai,1.0,modeled_gauge,Nova Palmira/Cai: current modeled gauge with official SGB flood stage.,2000-01-01,2026-06-21,1,9289,0.9607,2000-01-01,2026-02-28,True,True
87170000,BARCA DO CAI,RIO CAI,SAO SEBASTIAO DO CA,Cai,1.0,downstream_context,Barca do Cai: official SGB reports and floodplain context.,2000-01-01,2026-06-21,2,8631,0.8926,2000-01-01,2023-12-31,True,True
87270000,PASSO MONTENEGRO,RIO CAI,MONTENEGRO,Cai,1.0,event_and_training_context,Passo Montenegro/Cai: May 2024 context and long lower-Cai record.,2000-01-01,2026-06-21,1,9262,0.9579,2000-01-01,2026-02-28,True,True
87399000,PASSO DAS CANOAS AUXILIAR,RIO GRAVATAI,GRAVATAI,Gravatai,1.0,downstream_context,Passo das Canoas/Gravatai: metropolitan tributary entering Guaiba system.,2000-01-01,2026-06-21,1,8913,0.9218,2000-01-01,2024-12-31,True,True
87444000,USINA DO GASOMETRO (CHEIA 2024),RIO GUAIBA,PORTO ALEGRE,Guaiba,1.0,event_context,Usina do Gasometro/Guaiba: May 2024 event station with official inundation cota.,2000-01-01,2026-06-21,1,0,0.0,,,False,True
87450004,CAIS MAUA C6,RIO GUAIBA,PORTO ALEGRE,Guaiba,1.0,event_context,Cais Maua C6/Guaiba: local May 2024 event validation station.,2000-01-01,2026-06-21,1,0,0.0,,,True,True
87450020,USINA DO GASOMETRO,RIO GUAIBA,PORTO ALEGRE,Guaiba,1.0,current_operational_context,Usina do Gasometro/Guaiba current station code in inventory.,2000-01-01,2026-06-21,1,0,0.0,,,False,True
87460120,IPANEMA,RIO GUAIBA,PORTO ALEGRE,Guaiba,1.0,modeled_gauge,Ipanema/Guaiba: current modeled Porto Alegre gauge.,2000-01-01,2026-06-21,2,7938,0.821,2000-01-01,2023-12-29,True,False
85642000,PASSO SAO LOURENCO,RIO JACUI,CACHOEIRA DO SUL,Jacui,1.0,upstream_context,Passo Sao Lourenco/Jacui: Cachoeira do Sul upstream propagation context.,2000-01-01,2026-06-21,1,9301,0.9619,2000-01-01,2026-02-28,True,True
85900000,RIO PARDO,RIO JACUI,RIO PARDO,Jacui,1.0,event_and_training_context,Rio Pardo/Jacui: May 2024 context and lower Jacui flow toward Guaiba.,2000-01-01,2026-06-21,1,9275,0.9593,2000-01-01,2026-02-28,True,True
87010000,TRIUNFO,RIO JACUI,TRIUNFO,Jacui,1.0,downstream_context,Triunfo/Jacui: lower Jacui near Guaiba confluence.,2000-01-01,2026-06-21,1,0,0.0,,,True,True
87020000,SAO JERONIMO,RIO JACUI,SAO JERONIMO,Jacui,1.0,downstream_context,Sao Jeronimo/Jacui: lower Jacui flood corridor.,2000-01-01,2026-06-21,1,8935,0.9241,2000-01-01,2026-02-28,True,False
87980000,RIO GRANDE / REGATAS,LAGOA DOS PATOS,RIO GRANDE,Laguna dos Patos,1.0,modeled_gauge,Rio Grande/Regatas: current modeled Lagoa dos Patos gauge.,2000-01-01,2026-06-21,1,9066,0.9376,2000-01-01,2026-02-28,True,True
87380000,CAMPO BOM,RIO DOS SINOS,CAMPO BOM,Sinos,1.0,event_and_training_context,Campo Bom/Sinos: May 2024 context and long record.,2000-01-01,2026-06-21,1,9403,0.9725,2000-01-01,2026-02-28,True,True
87382000,SAO LEOPOLDO,RIO DOS SINOS,SAO LEOPOLDO,Sinos,1.0,downstream_context,Sao Leopoldo/Sinos: lower Sinos urban flood corridor.,2000-01-01,2026-06-21,1,9153,0.9466,2000-01-01,2026-02-28,True,True
86472000,LINHA JOSE JULIO,RIO DAS ANTAS,SANTA TEREZA,Taquari-Antas,1.0,modeled_gauge,Linha Jose Julio/Rio das Antas: current modeled Bento Goncalves gauge.,2000-01-01,2026-06-21,2,3287,0.34,2015-01-01,2023-12-31,True,True
86510000,MUCUM,RIO TAQUARI,MUCUM,Taquari-Antas,1.0,event_and_training_context,Mucum/Taquari: mandatory May 2024 reference and high-value upstream flood gauge.,2000-01-01,2026-06-21,1,8885,0.9189,2000-01-01,2026-02-28,True,True
86720000,ENCANTADO,RIO TAQUARI,ENCANTADO,Taquari-Antas,1.0,downstream_context,Encantado/Taquari: major middle-basin city affected by repeated floods.,2000-01-01,2026-06-21,2,7815,0.8083,2002-06-03,2023-12-20,True,True
86879300,ESTRELA,RIO TAQUARI,ESTRELA,Taquari-Antas,1.0,downstream_context,Estrela/Taquari: lower Taquari context near Lajeado/Estrela flood corridor.,2000-01-01,2026-06-21,1,1568,0.1622,2021-09-16,2025-12-31,True,True
86895000,PORTO MARIANTE,RIO TAQUARI,VENANCIO AIRES,Taquari-Antas,1.0,downstream_context,Porto Mariante/Taquari: lower Taquari flood propagation context.,2000-01-01,2026-06-21,1,8310,0.8594,2002-04-16,2025-10-31,True,True
86950000,TAQUARI,RIO TAQUARI,TAQUARI,Taquari-Antas,1.0,downstream_context,Taquari city: downstream Taquari before Jacui/Guaiba confluence.,2000-01-01,2026-06-21,1,8984,0.9292,2000-01-01,2025-10-31,True,True
87159600,NOVA PETROPOLIS CAXIAS DO SUL,RIO CAI,CAXIAS DO SUL,Cai,1.65,auto_relevant_key_river,Auto-selected key RS flood river station in Cai; public/operator and coverage audited before model use.,2000-01-01,2026-06-21,1,0,0.0,,,True,True
87163000,VALE REAL,RIO CAI,VALE REAL,Cai,1.65,auto_relevant_key_river,Auto-selected key RS flood river station in Cai; public/operator and coverage audited before model use.,2000-01-01,2026-06-21,1,492,0.0509,2024-10-25,2026-02-28,True,True
87165001,FELIZ,RIO CAI,FELIZ,Cai,1.65,auto_relevant_key_river,Auto-selected key RS flood river station in Cai; public/operator and coverage audited before model use.,2000-01-01,2026-06-21,1,0,0.0,,,True,True
87168590,BOM PRINCIPIO,RIO CAI,BOM PRINCIPIO,Cai,1.65,auto_relevant_key_river,Auto-selected key RS flood river station in Cai; public/operator and coverage audited before model use.,2000-01-01,2026-06-21,1,0,0.0,,,True,True
87271100,MONTENEGRO,RIO CAI,MONTENEGRO,Cai,1.65,auto_relevant_key_river,Auto-selected key RS flood river station in Cai; public/operator and coverage audited before model use.,2000-01-01,2026-06-21,1,0,0.0,,,True,True
87290010,MONTENEGRO/NOVA SANTA RITA,RIO CAI,MONTENEGRO,Cai,1.65,auto_relevant_key_river,Auto-selected key RS flood river station in Cai; public/operator and coverage audited before model use.,2000-01-01,2026-06-21,1,0,0.0,,,True,True
87300000,PASSO DO CAI,RIO CAI,TRIUNFO,Cai,1.65,auto_relevant_key_river,Auto-selected key RS flood river station in Cai; public/operator and coverage audited before model use.,2000-01-01,2026-06-21,1,1612,0.1667,2000-01-03,2007-05-23,True,True
87398750,4 IRMAOS CANAL GRAVATAI,RIO GRAVATAI,GLORINHA,Gravatai,1.65,auto_relevant_key_river,Auto-selected key RS flood river station in Gravatai; public/operator and coverage audited before model use.,2000-01-01,2026-06-21,1,0,0.0,,,True,True
87399050,GRAVATAI,RIO GRAVATAI,GRAVATAI,Gravatai,1.65,auto_relevant_key_river,Auto-selected key RS flood river station in Gravatai; public/operator and coverage audited before model use.,2000-01-01,2026-06-21,1,0,0.0,,,True,True
87401750,CORSAN ALVORADA,RIO GRAVATAI,ALVORADA,Gravatai,1.65,auto_relevant_key_river,Auto-selected key RS flood river station in Gravatai; public/operator and coverage audited before model use.,2000-01-01,2026-06-21,1,0,0.0,,,True,True
87242000,TERMINAL CATSUL GUAIBA,LAGO GUAIBA,GUAIBA,Guaiba,1.65,auto_relevant_key_river,Auto-selected key RS flood river station in Guaiba; public/operator and coverage audited before model use.,2000-01-01,2026-06-21,1,0,0.0,,,True,True
87242010,CAMPING NASCER DO SOL,LAGO GUAIBA,BARRA DO RIBEIRO,Guaiba,1.65,auto_relevant_key_river,Auto-selected key RS flood river station in Guaiba; public/operator and coverage audited before model use.,2000-01-01,2026-06-21,1,0,0.0,,,True,True
87242020,PRAIA DA PEDREIRA PQ. ITAPUA,LAGO GUAIBA,VIAMAO,Guaiba,1.65,auto_relevant_key_river,Auto-selected key RS flood river station in Guaiba; public/operator and coverage audited before model use.,2000-01-01,2026-06-21,1,0,0.0,,,True,True
87480000,BARRA DO RIBEIRO LAGO GUAIBA,RIO GUAIBA,BARRA DO RIBEIRO,Guaiba,1.65,auto_relevant_key_river,Auto-selected key RS flood river station in Guaiba; public/operator and coverage audited before model use.,2000-01-01,2026-06-21,1,0,0.0,,,True,True
85395500,DONA FRANCISCA,RIO JACUI,NOVA PALMA,Jacui,1.65,auto_relevant_key_river,Auto-selected key RS flood river station in Jacui; public/operator and coverage audited before model use.,2000-01-01,2026-06-21,1,3166,0.3274,2000-01-01,2008-08-31,True,True
85400020,DONA FRANCISCA,RIO JACUI,DONA FRANCISCA,Jacui,1.65,auto_relevant_key_river,Auto-selected key RS flood river station in Jacui; public/operator and coverage audited before model use.,2000-01-01,2026-06-21,1,0,0.0,,,True,True
85642005,PASSO SAO LOURENCO CACH. DO SUL,RIO JACUI,CACHOEIRA DO SUL,Jacui,1.65,auto_relevant_key_river,Auto-selected key RS flood river station in Jacui; public/operator and coverage audited before model use.,2000-01-01,2026-06-21,1,0,0.0,,,True,True
85650001,CACHOEIRA DO SUL (BARRAG. FANDANGO) MONT.,RIO JACUI,CACHOEIRA DO SUL,Jacui,1.65,auto_relevant_key_river,Auto-selected key RS flood river station in Jacui; public/operator and coverage audited before model use.,2000-01-01,2026-06-21,1,4023,0.4161,2000-01-01,2011-01-05,True,True
85650002,CACHOEIRA DO SUL (BARRAG. FANDANGO) JUS.,RIO JACUI,CACHOEIRA DO SUL,Jacui,1.65,auto_relevant_key_river,Auto-selected key RS flood river station in Jacui; public/operator and coverage audited before model use.,2000-01-01,2026-06-21,1,4023,0.4161,2000-01-01,2011-01-05,True,True
85680000,BARRAGEM ANEL DOM MARCO MONT,RIO JACUI,RIO PARDO,Jacui,1.65,auto_relevant_key_river,Auto-selected key RS flood river station in Jacui; public/operator and coverage audited before model use.,2000-01-01,2026-06-21,1,4023,0.4161,2000-01-01,2011-01-05,True,True
85681000,BARRAGEM ANEL DOM MARCO JUS,RIO JACUI,RIO PARDO,Jacui,1.65,auto_relevant_key_river,Auto-selected key RS flood river station in Jacui; public/operator and coverage audited before model use.,2000-01-01,2026-06-21,1,4023,0.4161,2000-01-01,2011-01-05,True,True
85950001,BARRAGEM AMAROPOLIS MONTANTE,RIO JACUI,BUTIA,Jacui,1.65,auto_relevant_key_river,Auto-selected key RS flood river station in Jacui; public/operator and coverage audited before model use.,2000-01-01,2026-06-21,1,4023,0.4161,2000-01-01,2011-01-05,True,True
85990003,BARRAGEM AMAROPOLIS JUSANTE,RIO JACUI,GENERAL CAMARA,Jacui,1.65,auto_relevant_key_river,Auto-selected key RS flood river station in Jacui; public/operator and coverage audited before model use.,2000-01-01,2026-06-21,1,4023,0.4161,2000-01-01,2011-01-05,True,True
87036000,CHARQUEADAS,RIO JACUI,CHARQUEADAS,Jacui,1.65,auto_relevant_key_river,Auto-selected key RS flood river station in Jacui; public/operator and coverage audited before model use.,2000-01-01,2026-06-21,1,1914,0.198,2003-01-01,2008-03-31,True,True
87955001,LARANJAL,LAGOA DOS PATOS,PELOTAS,Laguna dos Patos,1.65,auto_relevant_key_river,Auto-selected key RS flood river station in Laguna dos Patos; public/operator and coverage audited before model use.,2000-01-01,2026-06-21,1,0,0.0,,,False,True
87979800,RIO GRANDE,LAGOA DOS PATOS,RIO GRANDE,Laguna dos Patos,1.65,auto_relevant_key_river,Auto-selected key RS flood river station in Laguna dos Patos; public/operator and coverage audited before model use.,2000-01-01,2026-06-21,1,0,0.0,,,True,True
87991100,FURG/CCMAR,LAGOA DOS PATOS,RIO GRANDE,Laguna dos Patos,1.65,auto_relevant_key_river,Auto-selected key RS flood river station in Laguna dos Patos; public/operator and coverage audited before model use.,2000-01-01,2026-06-21,1,0,0.0,,,True,True
87318510,FOFONKA CARAA,RIO DOS SINOS,CARAA,Sinos,1.65,auto_relevant_key_river,Auto-selected key RS flood river station in Sinos; public/operator and coverage audited before model use.,2000-01-01,2026-06-21,1,0,0.0,,,True,True
87318700,CARAA,RIO DOS SINOS,CARAA,Sinos,1.65,auto_relevant_key_river,Auto-selected key RS flood river station in Sinos; public/operator and coverage audited before model use.,2000-01-01,2026-06-21,1,0,0.0,,,True,True
87376000,FOZ DO PARANHANA,RIO DOS SINOS,TAQUARA,Sinos,1.65,auto_relevant_key_river,Auto-selected key RS flood river station in Sinos; public/operator and coverage audited before model use.,2000-01-01,2026-06-21,1,0,0.0,,,True,True
87382009,SAO LEOPOLDO,RIO DOS SINOS,SAO LEOPOLDO,Sinos,1.65,auto_relevant_key_river,Auto-selected key RS flood river station in Sinos; public/operator and coverage audited before model use.,2000-01-01,2026-06-21,1,0,0.0,,,True,True
86220600,PCH PALANQUINHO JUSANTE,RIO DAS ANTAS,CAMPESTRE DA SERRA,Taquari-Antas,1.65,auto_relevant_key_river,Auto-selected key RS flood river station in Taquari-Antas; public/operator and coverage audited before model use.,2000-01-01,2026-06-21,1,0,0.0,,,True,True
86296000,PONTE ANTONIO PRADO,RIO DAS ANTAS,SAO MARCOS,Taquari-Antas,1.65,auto_relevant_key_river,Auto-selected key RS flood river station in Taquari-Antas; public/operator and coverage audited before model use.,2000-01-01,2026-06-21,1,1386,0.1433,2003-06-01,2007-11-30,True,True
86297995,FLORES DA CUNHA ANTONIO PRADO,RIO DAS ANTAS,FLORES DA CUNHA,Taquari-Antas,1.65,auto_relevant_key_river,Auto-selected key RS flood river station in Taquari-Antas; public/operator and coverage audited before model use.,2000-01-01,2026-06-21,1,0,0.0,,,True,True
86329001,NOVA ROMA/FARROUPILHA,RIO DAS ANTAS,NOVA ROMA DO SUL,Taquari-Antas,1.65,auto_relevant_key_river,Auto-selected key RS flood river station in Taquari-Antas; public/operator and coverage audited before model use.,2000-01-01,2026-06-21,1,0,0.0,,,True,True
86470001,PONTE RIO DAS ANTAS,RIO DAS ANTAS,VERANOPOLIS,Taquari-Antas,1.65,auto_relevant_key_river,Auto-selected key RS flood river station in Taquari-Antas; public/operator and coverage audited before model use.,2000-01-01,2026-06-21,1,1648,0.1704,2003-01-01,2007-09-18,True,True
86472600,SANTA TEREZA,RIO TAQUARI,SANTA TEREZA,Taquari-Antas,1.65,auto_relevant_key_river,Auto-selected key RS flood river station in Taquari-Antas; public/operator and coverage audited before model use.,2000-01-01,2026-06-21,1,870,0.09,2022-10-19,2025-10-31,True,True
86720001,ENCANTADO,RIO TAQUARI,ENCANTADO,Taquari-Antas,1.65,auto_relevant_key_river,Auto-selected key RS flood river station in Taquari-Antas; public/operator and coverage audited before model use.,2000-01-01,2026-06-21,1,1623,0.1679,2003-01-01,2008-02-06,True,True
86880000,ESTRELA,RIO TAQUARI,ESTRELA,Taquari-Antas,1.65,auto_relevant_key_river,Auto-selected key RS flood river station in Taquari-Antas; public/operator and coverage audited before model use.,2000-01-01,2026-06-21,1,1880,0.1944,2003-01-01,2008-03-31,True,True
86881000,BOM RETIRO DO SUL MONTANTE,RIO TAQUARI,BOM RETIRO DO SUL,Taquari-Antas,1.65,auto_relevant_key_river,Auto-selected key RS flood river station in Taquari-Antas; public/operator and coverage audited before model use.,2000-01-01,2026-06-21,1,5108,0.5283,2000-01-01,2026-02-28,True,True
86882000,BOM RETIRO DO SUL JUSANTE,RIO TAQUARI,BOM RETIRO DO SUL,Taquari-Antas,1.65,auto_relevant_key_river,Auto-selected key RS flood river station in Taquari-Antas; public/operator and coverage audited before model use.,2000-01-01,2026-06-21,1,4021,0.4159,2000-01-01,2011-01-03,True,True
86895001,PORTO MARIANTE,RIO TAQUARI,VENANCIO AIRES,Taquari-Antas,1.65,auto_relevant_key_river,Auto-selected key RS flood river station in Taquari-Antas; public/operator and coverage audited before model use.,2000-01-01,2026-06-21,1,1947,0.2014,2003-01-01,2008-04-30,True,True
86950001,TAQUARI,RIO TAQUARI,TAQUARI,Taquari-Antas,1.65,auto_relevant_key_river,Auto-selected key RS flood river station in Taquari-Antas; public/operator and coverage audited before model use.,2000-01-01,2026-06-21,1,1794,0.1855,2003-01-01,2007-11-29,True,True
87120000,PCH PASSO DO INFERNO BARRAMENTO,RIO CAI,SAO FRANCISCO DE PA,Cai,1.75,auto_relevant_key_river,Auto-selected key RS flood river station in Cai; public/operator and coverage audited before model use.,2000-01-01,2026-06-21,1,0,0.0,,,True,True
87120100,PCH PASSO DO INFERNO JUSANTE,RIO CAI,SAO FRANCISCO DE PA,Cai,1.75,auto_relevant_key_river,Auto-selected key RS flood river station in Cai; public/operator and coverage audited before model use.,2000-01-01,2026-06-21,1,0,0.0,,,True,True
85029000,PCH ERNESTINA MONTANTE,RIO JACUI,MARAU,Jacui,1.75,auto_relevant_key_river,Auto-selected key RS flood river station in Jacui; public/operator and coverage audited before model use.,2000-01-01,2026-06-21,1,0,0.0,,,True,True
85050001,PCH ERNESTINA BARRAMENTO,RIO JACUI,TIO HUGO,Jacui,1.75,auto_relevant_key_river,Auto-selected key RS flood river station in Jacui; public/operator and coverage audited before model use.,2000-01-01,2026-06-21,1,0,0.0,,,True,True
85050100,PCH ERNESTINA JUSANTE 2,RIO JACUI,TIO HUGO,Jacui,1.75,auto_relevant_key_river,Auto-selected key RS flood river station in Jacui; public/operator and coverage audited before model use.,2000-01-01,2026-06-21,1,0,0.0,,,True,True
85050200,PCH TIO HUGO BARRAMENTO,RIO JACUI,TIO HUGO,Jacui,1.75,auto_relevant_key_river,Auto-selected key RS flood river station in Jacui; public/operator and coverage audited before model use.,2000-01-01,2026-06-21,1,0,0.0,,,True,True
85050300,PCH TIO HUGO JUSANTE,RIO JACUI,TIO HUGO,Jacui,1.75,auto_relevant_key_river,Auto-selected key RS flood river station in Jacui; public/operator and coverage audited before model use.,2000-01-01,2026-06-21,1,0,0.0,,,True,True
85050350,PCH SANTO ANTONIO DO JACUI MONTANTE,RIO JACUI,VICTOR GRAEFF,Jacui,1.75,auto_relevant_key_river,Auto-selected key RS flood river station in Jacui; public/operator and coverage audited before model use.,2000-01-01,2026-06-21,1,0,0.0,,,True,True
85051000,PCH SANTO ANTONIO DO JACUI BARRAMENTO,RIO JACUI,MORMACO,Jacui,1.75,auto_relevant_key_river,Auto-selected key RS flood river station in Jacui; public/operator and coverage audited before model use.,2000-01-01,2026-06-21,1,0,0.0,,,True,True
85074000,PCH COTOVELO DO JACUI BARRAMENTO,RIO JACUI,VICTOR GRAEFF,Jacui,1.75,auto_relevant_key_river,Auto-selected key RS flood river station in Jacui; public/operator and coverage audited before model use.,2000-01-01,2026-06-21,1,0,0.0,,,True,True
85076000,PCH COTOVELO DO JACUI JUSANTE,RIO JACUI,VICTOR GRAEFF,Jacui,1.75,auto_relevant_key_river,Auto-selected key RS flood river station in Jacui; public/operator and coverage audited before model use.,2000-01-01,2026-06-21,1,0,0.0,,,True,True
85080001,UHE PASSO REAL MONTANTE 2,RIO JACUI,ESPUMOSO,Jacui,1.75,auto_relevant_key_river,Auto-selected key RS flood river station in Jacui; public/operator and coverage audited before model use.,2000-01-01,2026-06-21,1,0,0.0,,,True,True
85140000,UHE PASSO REAL MONTANTE 1,RIO JACUI,ALTO ALEGRE,Jacui,1.75,auto_relevant_key_river,Auto-selected key RS flood river station in Jacui; public/operator and coverage audited before model use.,2000-01-01,2026-06-21,1,0,0.0,,,True,True
85170100,CGH MIRIM BARRAMENTO,RIO JACUI MIRIM,CARAZINHO,Jacui,1.75,auto_relevant_key_river,Auto-selected key RS flood river station in Jacui; public/operator and coverage audited before model use.,2000-01-01,2026-06-21,1,0,0.0,,,True,True
85170150,CGH MIRIM JUSANTE,RIO JACUI MIRIM,CARAZINHO,Jacui,1.75,auto_relevant_key_river,Auto-selected key RS flood river station in Jacui; public/operator and coverage audited before model use.,2000-01-01,2026-06-21,1,0,0.0,,,True,True
85180000,UHE PASSO REAL RIO JACUI MIRIM 2,RIO JACUI MIRIM,IBIRUBA,Jacui,1.75,auto_relevant_key_river,Auto-selected key RS flood river station in Jacui; public/operator and coverage audited before model use.,2000-01-01,2026-06-21,1,0,0.0,,,True,True
85260001,UHE PASSO REAL BARRAMENTO,RIO JACUI,SALTO DO JACUI,Jacui,1.75,auto_relevant_key_river,Auto-selected key RS flood river station in Jacui; public/operator and coverage audited before model use.,2000-01-01,2026-06-21,1,0,0.0,,,True,True
85300000,UHE JACUI BARRAMENTO,RIO JACUI,SALTO DO JACUI,Jacui,1.75,auto_relevant_key_river,Auto-selected key RS flood river station in Jacui; public/operator and coverage audited before model use.,2000-01-01,2026-06-21,1,0,0.0,,,True,True
85365000,UHE ITAUBA BARRAMENTO,RIO JACUI,PINHAL GRANDE,Jacui,1.75,auto_relevant_key_river,Auto-selected key RS flood river station in Jacui; public/operator and coverage audited before model use.,2000-01-01,2026-06-21,1,0,0.0,,,True,True
85380000,PASSO ESTRELA,RIO JACUIZINHO,ARROIO DO TIGRE,Jacui,1.75,auto_relevant_key_river,Auto-selected key RS flood river station in Jacui; public/operator and coverage audited before model use.,2000-01-01,2026-06-21,1,0,0.0,,,True,True
85380500,UHE DONA FRANCISCA RIO JACUIZINHO,RIO JACUIZINHO,ARROIO DO TIGRE,Jacui,1.75,auto_relevant_key_river,Auto-selected key RS flood river station in Jacui; public/operator and coverage audited before model use.,2000-01-01,2026-06-21,1,0,0.0,,,True,True
85395100,UHE DONA FRANCISCA BARRAMENTO,RIO JACUI,NOVA PALMA,Jacui,1.75,auto_relevant_key_river,Auto-selected key RS flood river station in Jacui; public/operator and coverage audited before model use.,2000-01-01,2026-06-21,1,0,0.0,,,True,True
85395300,UHE DONA FRANCISCA JUSANTE,RIO JACUI,NOVA PALMA,Jacui,1.75,auto_relevant_key_river,Auto-selected key RS flood river station in Jacui; public/operator and coverage audited before model use.,2000-01-01,2026-06-21,1,0,0.0,,,True,True
85396000,VOLTA GRANDE III,RIO JACUI,NOVA PALMA,Jacui,1.75,auto_relevant_key_river,Auto-selected key RS flood river station in Jacui; public/operator and coverage audited before model use.,2000-01-01,2026-06-21,1,0,0.0,,,True,True
86099000,PCH PEZZI MONTANTE,RIO DAS ANTAS,BOM JESUS,Taquari-Antas,1.75,auto_relevant_key_river,Auto-selected key RS flood river station in Taquari-Antas; public/operator and coverage audited before model use.,2000-01-01,2026-06-21,2,2320,0.2399,2013-07-09,2019-12-31,True,True
86100800,PCH PEZZI BARRAMENTO,RIO DAS ANTAS,BOM JESUS,Taquari-Antas,1.75,auto_relevant_key_river,Auto-selected key RS flood river station in Taquari-Antas; public/operator and coverage audited before model use.,2000-01-01,2026-06-21,2,1729,0.1788,2015-04-02,2019-12-31,True,True
86101000,PCH PASSO DO MEIO MONTANTE,RIO DAS ANTAS,JAQUIRANA,Taquari-Antas,1.75,auto_relevant_key_river,Auto-selected key RS flood river station in Taquari-Antas; public/operator and coverage audited before model use.,2000-01-01,2026-06-21,1,245,0.0253,2012-01-01,2013-01-01,True,True
86109000,PCH PASSO DO MEIO BARRAMENTO,RIO DAS ANTAS,SAO FRANCISCO DE PA,Taquari-Antas,1.75,auto_relevant_key_river,Auto-selected key RS flood river station in Taquari-Antas; public/operator and coverage audited before model use.,2000-01-01,2026-06-21,1,0,0.0,,,True,True
86110000,PCH PASSO DO MEIO JUSANTE,RIO DAS ANTAS,SAO FRANCISCO DE PA,Taquari-Antas,1.75,auto_relevant_key_river,Auto-selected key RS flood river station in Taquari-Antas; public/operator and coverage audited before model use.,2000-01-01,2026-06-21,1,250,0.0259,2012-02-01,2013-01-01,True,True
86118000,PCH SERRA DOS CAVALINHOS I BARRAMENTO,RIO DAS ANTAS,MONTE ALEGRE DOS CA,Taquari-Antas,1.75,auto_relevant_key_river,Auto-selected key RS flood river station in Taquari-Antas; public/operator and coverage audited before model use.,2000-01-01,2026-06-21,1,0,0.0,,,True,True
86162000,PCH SERRA DOS CAVALINHOS II BARRAMENTO,RIO DAS ANTAS,MONTE ALEGRE DOS CA,Taquari-Antas,1.75,auto_relevant_key_river,Auto-selected key RS flood river station in Taquari-Antas; public/operator and coverage audited before model use.,2000-01-01,2026-06-21,1,0,0.0,,,True,True
86163000,PCH SERRA DOS CAVALINHOS II JUSANTE,RIO DAS ANTAS,MONTE ALEGRE DOS CA,Taquari-Antas,1.75,auto_relevant_key_river,Auto-selected key RS flood river station in Taquari-Antas; public/operator and coverage audited before model use.,2000-01-01,2026-06-21,1,0,0.0,,,True,True
86298000,UHE CASTRO ALVES RS 122,RIO DAS ANTAS,ANTONIO PRADO,Taquari-Antas,1.75,auto_relevant_key_river,Auto-selected key RS flood river station in Taquari-Antas; public/operator and coverage audited before model use.,2000-01-01,2026-06-21,1,1259,0.1302,2009-01-01,2012-12-31,True,True
86305000,UHE CASTRO ALVES BARRAMENTO,RIO DAS ANTAS,NOVA ROMA DO SUL,Taquari-Antas,1.75,auto_relevant_key_river,Auto-selected key RS flood river station in Taquari-Antas; public/operator and coverage audited before model use.,2000-01-01,2026-06-21,1,1371,0.1418,2009-03-19,2012-12-31,True,True
86306000,UHE CASTRO ALVES ALCA,RIO DAS ANTAS,NOVA ROMA DO SUL,Taquari-Antas,1.75,auto_relevant_key_river,Auto-selected key RS flood river station in Taquari-Antas; public/operator and coverage audited before model use.,2000-01-01,2026-06-21,1,962,0.0995,2009-03-18,2012-02-12,True,True
86372000,CGH SALTINHO JUSANTE,RIO TAQUARI,IPE,Taquari-Antas,1.75,auto_relevant_key_river,Auto-selected key RS flood river station in Taquari-Antas; public/operator and coverage audited before model use.,2000-01-01,2026-06-21,1,0,0.0,,,True,True
86448000,UHE MONTE CLARO BARRAMENTO,RIO DAS ANTAS,VERANOPOLIS,Taquari-Antas,1.75,auto_relevant_key_river,Auto-selected key RS flood river station in Taquari-Antas; public/operator and coverage audited before model use.,2000-01-01,2026-06-21,1,953,0.0986,2009-03-20,2012-12-31,True,True
86450000,UHE MONTE CLARO JUSANTE 1 (ALCA),RIO DAS ANTAS,BENTO GONCALVES,Taquari-Antas,1.75,auto_relevant_key_river,Auto-selected key RS flood river station in Taquari-Antas; public/operator and coverage audited before model use.,2000-01-01,2026-06-21,1,899,0.093,2009-04-02,2011-09-22,True,True
86450500,UHE MONTE CLARO JUSANTE 2,RIO DAS ANTAS,VERANOPOLIS,Taquari-Antas,1.75,auto_relevant_key_river,Auto-selected key RS flood river station in Taquari-Antas; public/operator and coverage audited before model use.,2000-01-01,2026-06-21,1,0,0.0,,,True,True
86451000,UHE 14 DE JULHO MONTANTE,RIO DAS ANTAS,VERANOPOLIS,Taquari-Antas,1.75,auto_relevant_key_river,Auto-selected key RS flood river station in Taquari-Antas; public/operator and coverage audited before model use.,2000-01-01,2026-06-21,1,1116,0.1154,2009-03-05,2012-12-31,True,True
86470800,UHE 14 DE JULHO BARRAMENTO,RIO DAS ANTAS,COTIPORA,Taquari-Antas,1.75,auto_relevant_key_river,Auto-selected key RS flood river station in Taquari-Antas; public/operator and coverage audited before model use.,2000-01-01,2026-06-21,1,1319,0.1364,2009-03-28,2012-12-31,True,True
86470900,UHE 14 DE JULHO ALCA,RIO DAS ANTAS,COTIPORA,Taquari-Antas,1.75,auto_relevant_key_river,Auto-selected key RS flood river station in Taquari-Antas; public/operator and coverage audited before model use.,2000-01-01,2026-06-21,1,753,0.0779,2009-05-15,2012-12-31,True,True
86471000,UHE 14 DE JULHO JUSANTE,RIO DAS ANTAS,COTIPORA,Taquari-Antas,1.75,auto_relevant_key_river,Auto-selected key RS flood river station in Taquari-Antas; public/operator and coverage audited before model use.,2000-01-01,2026-06-21,1,910,0.0941,2009-03-31,2012-10-29,True,True
87290000,PONTE DO CAI BR 386,RIO CAI,NOVA SANTA RITA,Cai,1.9,auto_relevant_key_river,Auto-selected key RS flood river station in Cai; public/operator and coverage audited before model use.,2000-01-01,2026-06-21,1,4904,0.5072,2008-08-01,2025-09-28,True,False
87301100,FOZ DO RIO CAI 58,RIO CAI,CANOAS,Cai,1.9,auto_relevant_key_river,Auto-selected key RS flood river station in Cai; public/operator and coverage audited before model use.,2000-01-01,2026-06-21,1,0,0.0,,,True,False
87400000,PASSO DAS CANOAS,RIO GRAVATAI,GRAVATAI,Gravatai,1.9,auto_relevant_key_river,Auto-selected key RS flood river station in Gravatai; public/operator and coverage audited before model use.,2000-01-01,2026-06-21,2,5301,0.5482,2000-01-01,2014-12-31,True,False
87401700,GRAVATAI CORSAN,RIO GRAVATAI,GRAVATAI,Gravatai,1.9,auto_relevant_key_river,Auto-selected key RS flood river station in Gravatai; public/operator and coverage audited before model use.,2000-01-01,2026-06-21,1,620,0.0641,2001-11-13,2003-09-22,True,False
87403000,RIO GRAVATAI GI,RIO GRAVATAI,PORTO ALEGRE,Gravatai,1.9,auto_relevant_key_river,Auto-selected key RS flood river station in Gravatai; public/operator and coverage audited before model use.,2000-01-01,2026-06-21,1,0,0.0,,,True,False
87406000,ALBATROZ,RIO GRAVATAI,CANOAS,Gravatai,1.9,auto_relevant_key_river,Auto-selected key RS flood river station in Gravatai; public/operator and coverage audited before model use.,2000-01-01,2026-06-21,1,8383,0.867,2000-01-01,2024-04-28,True,False
87410200,GRAVATAI 31,RIO GRAVATAI,PORTO ALEGRE,Gravatai,1.9,auto_relevant_key_river,Auto-selected key RS flood river station in Gravatai; public/operator and coverage audited before model use.,2000-01-01,2026-06-21,1,0,0.0,,,True,False
87450003,PRACA DA HARMONIA,RIO GUAIBA,PORTO ALEGRE,Guaiba,1.9,auto_relevant_key_river,Auto-selected key RS flood river station in Guaiba; public/operator and coverage audited before model use.,2000-01-01,2026-06-21,1,1906,0.1971,2003-01-02,2008-03-31,True,False
87450005,ILHA DA PINTADA,RIO GUAIBA,PORTO ALEGRE,Guaiba,1.9,auto_relevant_key_river,Auto-selected key RS flood river station in Guaiba; public/operator and coverage audited before model use.,2000-01-01,2026-06-21,1,8117,0.8395,2000-01-01,2025-08-31,True,False
87460140,IPANEMA 47 3,RIO GUAIBA,PORTO ALEGRE,Guaiba,1.9,auto_relevant_key_river,Auto-selected key RS flood river station in Guaiba; public/operator and coverage audited before model use.,2000-01-01,2026-06-21,1,0,0.0,,,True,False
87460150,ESPIRITO SANTO 47 4,RIO GUAIBA,PORTO ALEGRE,Guaiba,1.9,auto_relevant_key_river,Auto-selected key RS flood river station in Guaiba; public/operator and coverage audited before model use.,2000-01-01,2026-06-21,1,0,0.0,,,True,False
87460155,RIO GUAIBA 51B,RIO GUAIBA,PORTO ALEGRE,Guaiba,1.9,auto_relevant_key_river,Auto-selected key RS flood river station in Guaiba; public/operator and coverage audited before model use.,2000-01-01,2026-06-21,1,0,0.0,,,True,False
87460210,RIO GUAIBA 50,RIO GUAIBA,PORTO ALEGRE,Guaiba,1.9,auto_relevant_key_river,Auto-selected key RS flood river station in Guaiba; public/operator and coverage audited before model use.,2000-01-01,2026-06-21,1,0,0.0,,,True,False
87460220,PONTA GROSSA,RIO GUAIBA,PORTO ALEGRE,Guaiba,1.9,auto_relevant_key_river,Auto-selected key RS flood river station in Guaiba; public/operator and coverage audited before model use.,2000-01-01,2026-06-21,2,4827,0.4992,2000-01-01,2014-11-27,True,False
87500020,PONTA DOS COATIS,RIO GUAIBA,PORTO ALEGRE,Guaiba,1.9,auto_relevant_key_river,Auto-selected key RS flood river station in Guaiba; public/operator and coverage audited before model use.,2000-01-01,2026-06-21,1,9223,0.9539,2000-01-01,2026-01-31,True,False
85190000,LINHA JACUI MIRIM,RIO JACUI MIRIM,IBIRUBA,Jacui,1.9,auto_relevant_key_river,Auto-selected key RS flood river station in Jacui; public/operator and coverage audited before model use.,2000-01-01,2026-06-21,1,0,0.0,,,True,False
85381000,RINCAO SAO LUIZ,RIO JACUIZINHO,ESTRELA VELHA,Jacui,1.9,auto_relevant_key_river,Auto-selected key RS flood river station in Jacui; public/operator and coverage audited before model use.,2000-01-01,2026-06-21,1,0,0.0,,,True,False
85410000,PASSO SAINT CLAIR,RIO JACUI,AGUDO,Jacui,1.9,auto_relevant_key_river,Auto-selected key RS flood river station in Jacui; public/operator and coverage audited before model use.,2000-01-01,2026-06-21,1,0,0.0,,,True,False
85680500,BARRAGEM ANEL DOM MARCO ECLUSA,RIO JACUI,RIO PARDO,Jacui,1.9,auto_relevant_key_river,Auto-selected key RS flood river station in Jacui; public/operator and coverage audited before model use.,2000-01-01,2026-06-21,1,4023,0.4161,2000-01-01,2011-01-05,True,False
87040100,FOZ DO RIO JACUI57,RIO JACUI,TRIUNFO,Jacui,1.9,auto_relevant_key_river,Auto-selected key RS flood river station in Jacui; public/operator and coverage audited before model use.,2000-01-01,2026-06-21,1,0,0.0,,,True,False
87401800,PASSO FEIJO (ARROIO FEIJO),LAGOA DOS PATOS,PORTO ALEGRE,Laguna dos Patos,1.9,auto_relevant_key_river,Auto-selected key RS flood river station in Laguna dos Patos; public/operator and coverage audited before model use.,2000-01-01,2026-06-21,1,159,0.0164,2002-01-01,2002-06-08,True,False
87540000,ARAMBARE,LAGOA DOS PATOS,ARAMBARE,Laguna dos Patos,1.9,auto_relevant_key_river,Auto-selected key RS flood river station in Laguna dos Patos; public/operator and coverage audited before model use.,2000-01-01,2026-06-21,1,8187,0.8467,2000-01-01,2025-09-30,True,False
87921000,SAO LOURENCO,LAGOA DOS PATOS,SAO LOURENCO DO SUL,Laguna dos Patos,1.9,auto_relevant_key_river,Auto-selected key RS flood river station in Laguna dos Patos; public/operator and coverage audited before model use.,2000-01-01,2026-06-21,1,8963,0.927,2000-01-01,2026-02-28,True,False
87955000,LARANJAL,LAGOA DOS PATOS,PELOTAS,Laguna dos Patos,1.9,auto_relevant_key_river,Auto-selected key RS flood river station in Laguna dos Patos; public/operator and coverage audited before model use.,2000-01-01,2026-06-21,1,9202,0.9517,2000-01-01,2026-02-28,True,False
87374000,TAQUARA MONTANTE,RIO DOS SINOS,TAQUARA,Sinos,1.9,auto_relevant_key_river,Auto-selected key RS flood river station in Sinos; public/operator and coverage audited before model use.,2000-01-01,2026-06-21,1,9062,0.9372,2000-01-01,2026-01-31,True,False
87393000,FOZ DO RIO DOS SINOS 59,RIO DOS SINOS,CANOAS,Sinos,1.9,auto_relevant_key_river,Auto-selected key RS flood river station in Sinos; public/operator and coverage audited before model use.,2000-01-01,2026-06-21,1,0,0.0,,,True,False
86100000,PASSO DO GABRIEL,RIO DAS ANTAS,JAQUIRANA,Taquari-Antas,1.9,auto_relevant_key_river,Auto-selected key RS flood river station in Taquari-Antas; public/operator and coverage audited before model use.,2000-01-01,2026-06-21,1,8864,0.9167,2000-01-01,2025-08-31,True,False
86470000,PONTE DO RIO DAS ANTAS,RIO DAS ANTAS,VERANOPOLIS,Taquari-Antas,1.9,auto_relevant_key_river,Auto-selected key RS flood river station in Taquari-Antas; public/operator and coverage audited before model use.,2000-01-01,2026-06-21,2,2931,0.3031,2000-01-01,2008-02-04,True,False
87260000,BARRAGEM RIO BRANCO,RIO CAI,CAPELA DE SANTANA,Cai,2.0,auto_relevant_key_river,Auto-selected key RS flood river station in Cai; public/operator and coverage audited before model use.,2000-01-01,2026-06-21,1,0,0.0,,,True,False
87405500,PORTO ALEGRE,RIO GRAVATAI,PORTO ALEGRE,Gravatai,2.0,auto_relevant_key_river,Auto-selected key RS flood river station in Gravatai; public/operator and coverage audited before model use.,2000-01-01,2026-06-21,1,0,0.0,,,True,False
87450000,PORTO ALEGRE,RIO GUAIBA,PORTO ALEGRE,Guaiba,2.0,long_history_local,Porto Alegre/Guaiba: long historical local record.,2000-01-01,2026-06-21,1,0,0.0,,,True,False
87510001,FAROL DE ITAPUA,RIO GUAIBA,VIAMAO,Guaiba,2.0,outlet_context,Farol de Itapua/Guaiba: outlet-to-Laguna dos Patos context.,2000-01-01,2026-06-21,1,0,0.0,,,True,True
76560000,MANOEL VIANA,RIO IBICUI,MANOEL VIANA,Ibicui,2.0,tributary_context,Manoel Viana/Ibicui: upstream western flood context.,2000-01-01,2026-06-21,1,9491,0.9816,2000-01-01,2026-02-28,True,True
76800000,PASSO MARIANO PINTO,RIO IBICUI,ITAQUI,Ibicui,2.0,tributary_context,Passo Mariano Pinto/Ibicui: large western tributary context.,2000-01-01,2026-06-21,1,9432,0.9755,2000-01-01,2026-02-28,True,True
85080000,ESPUMOSO,RIO JACUI,ESPUMOSO,Jacui,2.0,auto_relevant_key_river,Auto-selected key RS flood river station in Jacui; public/operator and coverage audited before model use.,2000-01-01,2026-06-21,1,0,0.0,,,True,False
85140010,ALTO AGRE,RIO JACUI,ALTO ALEGRE,Jacui,2.0,auto_relevant_key_river,Auto-selected key RS flood river station in Jacui; public/operator and coverage audited before model use.,2000-01-01,2026-06-21,1,0,0.0,,,True,False
85170000,CGH CASCATA DO PINHEIRINHO,RIO JACUI MIRIM,IBIRUBA,Jacui,2.0,auto_relevant_key_river,Auto-selected key RS flood river station in Jacui; public/operator and coverage audited before model use.,2000-01-01,2026-06-21,1,0,0.0,,,True,False
85365100,UHE ITAUBA JUSANTE,RIO JACUI,PINHAL GRANDE,Jacui,2.0,auto_relevant_key_river,Auto-selected key RS flood river station in Jacui; public/operator and coverage audited before model use.,2000-01-01,2026-06-21,1,0,0.0,,,True,False
85370000,ITAUBA IV (JUSANTE BARRAGEM),RIO JACUI,PINHAL GRANDE,Jacui,2.0,auto_relevant_key_river,Auto-selected key RS flood river station in Jacui; public/operator and coverage audited before model use.,2000-01-01,2026-06-21,1,0,0.0,,,True,False
85400000,DONA FRANCISCA,RIO JACUI,DONA FRANCISCA,Jacui,2.0,upstream_context,Dona Francisca/Jacui: upstream regulated Jacui context.,2000-01-01,2026-06-21,1,9458,0.9782,2000-01-01,2026-02-28,True,True
85425000,PORTO ALVES,RIO JACUI,AGUDO,Jacui,2.0,auto_relevant_key_river,Auto-selected key RS flood river station in Jacui; public/operator and coverage audited before model use.,2000-01-01,2026-06-21,1,0,0.0,,,True,False
85427000,CERRO CHATO,RIO JACUI,AGUDO,Jacui,2.0,auto_relevant_key_river,Auto-selected key RS flood river station in Jacui; public/operator and coverage audited before model use.,2000-01-01,2026-06-21,1,0,0.0,,,True,False
85430000,ITAIPAVA DOS CARVALHOS,RIO JACUI,RESTINGA SECA,Jacui,2.0,auto_relevant_key_river,Auto-selected key RS flood river station in Jacui; public/operator and coverage audited before model use.,2000-01-01,2026-06-21,1,0,0.0,,,True,False
85435000,PASSO DA GUARDINHA,RIO JACUI,PARAISO DO SUL,Jacui,2.0,auto_relevant_key_river,Auto-selected key RS flood river station in Jacui; public/operator and coverage audited before model use.,2000-01-01,2026-06-21,1,0,0.0,,,True,False
85644000,BARRAGEM DO FANDANGO MONT,RIO JACUI,CACHOEIRA DO SUL,Jacui,2.0,auto_relevant_key_river,Auto-selected key RS flood river station in Jacui; public/operator and coverage audited before model use.,2000-01-01,2026-06-21,1,0,0.0,,,True,False
85645000,BARRAGEM DO FANDANGO JUS,RIO JACUI,CACHOEIRA DO SUL,Jacui,2.0,auto_relevant_key_river,Auto-selected key RS flood river station in Jacui; public/operator and coverage audited before model use.,2000-01-01,2026-06-21,1,0,0.0,,,True,False
85650000,CACHOEIRA,RIO JACUI,CACHOEIRA DO SUL,Jacui,2.0,upstream_context,Cachoeira/Jacui: long Cachoeira do Sul-area record.,2000-01-01,2026-06-21,1,0,0.0,,,True,False
85910000,RIO PARDO,RIO JACUI,RIO PARDO,Jacui,2.0,auto_relevant_key_river,Auto-selected key RS flood river station in Jacui; public/operator and coverage audited before model use.,2000-01-01,2026-06-21,1,0,0.0,,,True,False
85911000,RIO PARDO PK 157,RIO JACUI,RIO PARDO,Jacui,2.0,auto_relevant_key_river,Auto-selected key RS flood river station in Jacui; public/operator and coverage audited before model use.,2000-01-01,2026-06-21,1,0,0.0,,,True,False
85940000,PASSO CACHOEIRINHA,RIO JACUI,GENERAL CAMARA,Jacui,2.0,auto_relevant_key_river,Auto-selected key RS flood river station in Jacui; public/operator and coverage audited before model use.,2000-01-01,2026-06-21,1,0,0.0,,,True,False
87039300,GRANJA CAROLA,RIO JACUI,TRIUNFO,Jacui,2.0,auto_relevant_key_river,Auto-selected key RS flood river station in Jacui; public/operator and coverage audited before model use.,2000-01-01,2026-06-21,1,0,0.0,,,True,False
87421000,RINCAO CRISTOVAO PEREIRA,LAGOA DOS PATOS,MOSTARDAS,Laguna dos Patos,2.0,auto_relevant_key_river,Auto-selected key RS flood river station in Laguna dos Patos; public/operator and coverage audited before model use.,2000-01-01,2026-06-21,1,0,0.0,,,True,False
87422000,SANTA RITA,LAGOA DOS PATOS,ARAMBARE,Laguna dos Patos,2.0,auto_relevant_key_river,Auto-selected key RS flood river station in Laguna dos Patos; public/operator and coverage audited before model use.,2000-01-01,2026-06-21,1,0,0.0,,,True,False
87423000,SAO LOURENCO DO SUL,LAGOA DOS PATOS,SAO LOURENCO DO SUL,Laguna dos Patos,2.0,auto_relevant_key_river,Auto-selected key RS flood river station in Laguna dos Patos; public/operator and coverage audited before model use.,2000-01-01,2026-06-21,1,0,0.0,,,True,False
87424000,FAROL DE TAPOA,LAGOA DOS PATOS,TAVARES,Laguna dos Patos,2.0,auto_relevant_key_river,Auto-selected key RS flood river station in Laguna dos Patos; public/operator and coverage audited before model use.,2000-01-01,2026-06-21,1,0,0.0,,,True,False
87425000,BUJURU,LAGOA DOS PATOS,SAO JOSE DO NORTE,Laguna dos Patos,2.0,auto_relevant_key_river,Auto-selected key RS flood river station in Laguna dos Patos; public/operator and coverage audited before model use.,2000-01-01,2026-06-21,1,0,0.0,,,True,False
87385000,SIDERURGICA RIOGRANDENSE,RIO DOS SINOS,SAPUCAIA DO SUL,Sinos,2.0,auto_relevant_key_river,Auto-selected key RS flood river station in Sinos; public/operator and coverage audited before model use.,2000-01-01,2026-06-21,1,0,0.0,,,True,False
86370000,CGH SALTINHO MONTANTE 2,RIO TAQUARI,VACARIA,Taquari-Antas,2.0,auto_relevant_key_river,Auto-selected key RS flood river station in Taquari-Antas; public/operator and coverage audited before model use.,2000-01-01,2026-06-21,1,0,0.0,,,True,False
86460000,MONTE CLARO,RIO DAS ANTAS,VERANOPOLIS,Taquari-Antas,2.0,long_history_upstream,Monte Claro/Rio das Antas: long upstream Antas record.,2000-01-01,2026-06-21,2,670,0.0693,2000-01-01,2001-10-31,True,False
86743000,ARROIO DO MEIO,RIO TAQUARI,ARROIO DO MEIO,Taquari-Antas,2.0,auto_relevant_key_river,Auto-selected key RS flood river station in Taquari-Antas; public/operator and coverage audited before model use.,2000-01-01,2026-06-21,1,0,0.0,,,True,False
86800001,PONTE FORQUETA,RIO TAQUARI,ARROIO DO MEIO,Taquari-Antas,2.0,auto_relevant_key_river,Auto-selected key RS flood river station in Taquari-Antas; public/operator and coverage audited before model use.,2000-01-01,2026-06-21,1,0,0.0,,,True,False
86880050,PICADA DO CARNEIRO,RIO TAQUARI,LAJEADO,Taquari-Antas,2.0,auto_relevant_key_river,Auto-selected key RS flood river station in Taquari-Antas; public/operator and coverage audited before model use.,2000-01-01,2026-06-21,1,0,0.0,,,True,False
86888000,JUSANTE JASPER,RIO TAQUARI,CRUZEIRO DO SUL,Taquari-Antas,2.0,auto_relevant_key_river,Auto-selected key RS flood river station in Taquari-Antas; public/operator and coverage audited before model use.,2000-01-01,2026-06-21,1,0,0.0,,,True,False
86900000,PORTO GOMES,RIO TAQUARI,VENANCIO AIRES,Taquari-Antas,2.0,auto_relevant_key_river,Auto-selected key RS flood river station in Taquari-Antas; public/operator and coverage audited before model use.,2000-01-01,2026-06-21,1,0,0.0,,,True,False
87309000,ITATI,RIO TRES FORQUILHAS,TRES FORQUILHAS,Tres Forquilhas,2.0,modeled_gauge,Itati/Tres Forquilhas: current modeled north-coast gauge.,2000-01-01,2026-06-21,1,3409,0.3526,2015-04-24,2026-01-31,True,False
77150000,URUGUAIANA,RIO URUGUAI,URUGUAIANA,Uruguai,2.0,modeled_gauge,Uruguaiana/Rio Uruguai: modeled border-river gauge with official threshold.,2000-01-01,2026-06-21,1,9233,0.9549,2000-01-01,2026-02-28,True,True
87905000,PASSO DO MENDONCA,RIO CAMAQUA,CRISTAL,Camaqua,2.65,auto_relevant_key_river,Auto-selected key RS flood river station in Camaqua; public/operator and coverage audited before model use.,2000-01-01,2026-06-21,1,8953,0.9259,2000-01-01,2026-02-28,True,True
87905010,CRISTAL,RIO CAMAQUA,CRISTAL,Camaqua,2.65,auto_relevant_key_river,Auto-selected key RS flood river station in Camaqua; public/operator and coverage audited before model use.,2000-01-01,2026-06-21,1,0,0.0,,,True,True
76111010,PASSO SANTA VITORIA,RIO IBICUI,CACEQUI,Ibicui,2.65,auto_relevant_key_river,Auto-selected key RS flood river station in Ibicui; public/operator and coverage audited before model use.,2000-01-01,2026-06-21,1,0,0.0,,,False,True
76290000,PASSO DOS FARRAPOS,RIO IBICUI DA ARMADA,ROSARIO DO SUL,Ibicui,2.65,auto_relevant_key_river,Auto-selected key RS flood river station in Ibicui; public/operator and coverage audited before model use.,2000-01-01,2026-06-21,1,0,0.0,,,True,True
76300000,PONTE IBICUI DA ARMADA,RIO IBICUI DA ARMADA,ROSARIO DO SUL,Ibicui,2.65,auto_relevant_key_river,Auto-selected key RS flood river station in Ibicui; public/operator and coverage audited before model use.,2000-01-01,2026-06-21,1,9051,0.9361,2000-01-01,2026-02-28,True,True
76500040,JACAQUA,RIO IBICUI,ALEGRETE,Ibicui,2.65,auto_relevant_key_river,Auto-selected key RS flood river station in Ibicui; public/operator and coverage audited before model use.,2000-01-01,2026-06-21,1,0,0.0,,,True,True
76560003,MANOEL VIANA,RIO IBICUI,MANOEL VIANA,Ibicui,2.65,auto_relevant_key_river,Auto-selected key RS flood river station in Ibicui; public/operator and coverage audited before model use.,2000-01-01,2026-06-21,1,0,0.0,,,True,True
85734900,PROP. CANDELARIA,RIO PARDO,CANDELARIA,Pardo,2.65,auto_relevant_key_river,Auto-selected key RS flood river station in Pardo; public/operator and coverage audited before model use.,2000-01-01,2026-06-21,1,0,0.0,,,True,True
87309010,ITATI,RIO TRES FORQUILHAS,TRES FORQUILHAS,Tres Forquilhas,2.65,auto_relevant_key_river,Auto-selected key RS flood river station in Tres Forquilhas; public/operator and coverage audited before model use.,2000-01-01,2026-06-21,1,0,0.0,,,True,True
73010000,MARCELINO RAMOS,RIO URUGUAI,MARCELINO RAMOS,Uruguai,2.65,auto_relevant_key_river,Auto-selected key RS flood river station in Uruguai; public/operator and coverage audited before model use.,2000-01-01,2026-06-21,1,274,0.0283,2000-01-01,2000-09-30,True,True
74500000,ALTO URUGUAI,RIO URUGUAI,TIRADENTES DO SUL,Uruguai,2.65,auto_relevant_key_river,Auto-selected key RS flood river station in Uruguai; public/operator and coverage audited before model use.,2000-01-01,2026-06-21,1,8896,0.9201,2000-01-01,2026-02-28,True,True
74720000,PORTO MAUA,RIO URUGUAI,PORTO MAUA,Uruguai,2.65,auto_relevant_key_river,Auto-selected key RS flood river station in Uruguai; public/operator and coverage audited before model use.,2000-01-01,2026-06-21,1,2623,0.2713,2018-12-05,2026-02-28,True,True
74800000,PORTO LUCENA,RIO URUGUAI,PORTO LUCENA,Uruguai,2.65,auto_relevant_key_river,Auto-selected key RS flood river station in Uruguai; public/operator and coverage audited before model use.,2000-01-01,2026-06-21,1,9160,0.9474,2000-01-01,2026-02-28,True,True
75550000,GARRUCHOS,RIO URUGUAI,GARRUCHOS,Uruguai,2.65,auto_relevant_key_river,Auto-selected key RS flood river station in Uruguai; public/operator and coverage audited before model use.,2000-01-01,2026-06-21,1,9200,0.9515,2000-01-01,2026-02-28,True,True
75900000,ITAQUI,RIO URUGUAI,ITAQUI,Uruguai,2.65,auto_relevant_key_river,Auto-selected key RS flood river station in Uruguai; public/operator and coverage audited before model use.,2000-01-01,2026-06-21,1,9261,0.9578,2000-01-01,2026-02-28,True,True
85438001,RESTINGA SECA,RIO VACACAI MIRIM,RESTINGA SECA,Vacacai,2.65,auto_relevant_key_river,Auto-selected key RS flood river station in Vacacai; public/operator and coverage audited before model use.,2000-01-01,2026-06-21,1,0,0.0,,,True,True
85438510,PONTE VACACAI MIRIM CPRM,RIO VACACAI MIRIM,RESTINGA SECA,Vacacai,2.65,auto_relevant_key_river,Auto-selected key RS flood river station in Vacacai; public/operator and coverage audited before model use.,2000-01-01,2026-06-21,1,0,0.0,,,True,True
85470010,PONTE BR 290 VACACAI,RIO VACACAI,SAO GABRIEL,Vacacai,2.65,auto_relevant_key_river,Auto-selected key RS flood river station in Vacacai; public/operator and coverage audited before model use.,2000-01-01,2026-06-21,1,0,0.0,,,True,True
85470200,SAO GABRIEL,RIO VACACAI,SAO GABRIEL,Vacacai,2.65,auto_relevant_key_river,Auto-selected key RS flood river station in Vacacai; public/operator and coverage audited before model use.,2000-01-01,2026-06-21,1,0,0.0,,,True,True
85480010,PASSO DO ROCHA,RIO VACACAI,SAO GABRIEL,Vacacai,2.65,auto_relevant_key_river,Auto-selected key RS flood river station in Vacacai; public/operator and coverage audited before model use.,2000-01-01,2026-06-21,1,0,0.0,,,True,True
85590900,PASSO DAS TUNAS,RIO VACACAI,FORMIGUEIRO,Vacacai,2.65,auto_relevant_key_river,Auto-selected key RS flood river station in Vacacai; public/operator and coverage audited before model use.,2000-01-01,2026-06-21,1,0,0.0,,,True,True
74040080,UHE FOZ DO CHAPECO BARRAMENTO,RIO URUGUAI,ALPESTRE,Uruguai,2.75,auto_relevant_key_river,Auto-selected key RS flood river station in Uruguai; public/operator and coverage audited before model use.,2000-01-01,2026-06-21,1,0,0.0,,,True,True
87590000,PASSO DO CACAO,RIO CAMAQUA,BAGE,Camaqua,2.9,auto_relevant_key_river,Auto-selected key RS flood river station in Camaqua; public/operator and coverage audited before model use.,2000-01-01,2026-06-21,2,3073,0.3178,2000-01-01,2008-07-30,True,False
87670000,PASSO DAS CARRETAS,RIO CAMAQUA,SANTANA DA BOA VIST,Camaqua,2.9,auto_relevant_key_river,Auto-selected key RS flood river station in Camaqua; public/operator and coverage audited before model use.,2000-01-01,2026-06-21,1,8819,0.9121,2000-01-20,2026-02-28,True,False
87915000,PACHECA,RIO CAMAQUA,CAMAQUA,Camaqua,2.9,auto_relevant_key_river,Auto-selected key RS flood river station in Camaqua; public/operator and coverage audited before model use.,2000-01-01,2026-06-21,1,8807,0.9108,2000-01-01,2026-02-28,True,False
76395000,PASSAGEM BR 287,RIO IBICUI MIRIM,SANTA MARIA,Ibicui,2.9,auto_relevant_key_river,Auto-selected key RS flood river station in Ibicui; public/operator and coverage audited before model use.,2000-01-01,2026-06-21,1,4878,0.5045,2000-04-13,2015-01-30,True,False
76500000,JACAQUA,RIO IBICUI,ALEGRETE,Ibicui,2.9,auto_relevant_key_river,Auto-selected key RS flood river station in Ibicui; public/operator and coverage audited before model use.,2000-01-01,2026-06-21,2,8766,0.9066,2000-01-01,2023-12-31,True,False
85731000,RIO PARDO (CANDELARIA),RIO PARDO,CANDELARIA,Pardo,2.9,auto_relevant_key_river,Auto-selected key RS flood river station in Pardo; public/operator and coverage audited before model use.,2000-01-01,2026-06-21,1,0,0.0,,,True,False
85735000,CANDELARIA MONTANTE,RIO PARDO,CANDELARIA,Pardo,2.9,auto_relevant_key_river,Auto-selected key RS flood river station in Pardo; public/operator and coverage audited before model use.,2000-01-01,2026-06-21,1,7830,0.8098,2002-03-01,2025-11-30,True,False
85740000,CANDELARIA,RIO PARDO,CANDELARIA,Pardo,2.9,auto_relevant_key_river,Auto-selected key RS flood river station in Pardo; public/operator and coverage audited before model use.,2000-01-01,2026-06-21,2,566,0.0585,2000-01-01,2001-08-09,True,False
85889000,RIO PARDO SEDE,RIO PARDO,RIO PARDO,Pardo,2.9,auto_relevant_key_river,Auto-selected key RS flood river station in Pardo; public/operator and coverage audited before model use.,2000-01-01,2026-06-21,1,0,0.0,,,True,False
85891000,RIO PARDO,RIO PARDO,RIO PARDO,Pardo,2.9,auto_relevant_key_river,Auto-selected key RS flood river station in Pardo; public/operator and coverage audited before model use.,2000-01-01,2026-06-21,1,0,0.0,,,True,False
72300000,PASSO DO VIRGILIO,RIO URUGUAI,MACHADINHO,Uruguai,2.9,auto_relevant_key_river,Auto-selected key RS flood river station in Uruguai; public/operator and coverage audited before model use.,2000-01-01,2026-06-21,1,516,0.0534,2000-01-01,2001-08-30,True,False
85437000,VACACAI MIRIM,RIO VACACAI MIRIM,SANTA MARIA,Vacacai,2.9,auto_relevant_key_river,Auto-selected key RS flood river station in Vacacai; public/operator and coverage audited before model use.,2000-01-01,2026-06-21,1,0,0.0,,,True,False
85438000,RESTINGA SECA,RIO VACACAI MIRIM,RESTINGA SECA,Vacacai,2.9,auto_relevant_key_river,Auto-selected key RS flood river station in Vacacai; public/operator and coverage audited before model use.,2000-01-01,2026-06-21,2,7984,0.8257,2000-01-13,2022-09-27,True,False
85470000,PONTE SAO GABRIEL,RIO VACACAI,SAO GABRIEL,Vacacai,2.9,auto_relevant_key_river,Auto-selected key RS flood river station in Vacacai; public/operator and coverage audited before model use.,2000-01-01,2026-06-21,1,9371,0.9692,2000-01-01,2026-02-28,True,False
85480000,PASSO DO ROCHA,RIO VACACAI,SAO GABRIEL,Vacacai,2.9,auto_relevant_key_river,Auto-selected key RS flood river station in Vacacai; public/operator and coverage audited before model use.,2000-01-01,2026-06-21,1,9371,0.9692,2000-01-01,2026-02-28,True,False
85600000,PASSO DAS TUNAS,RIO VACACAI,FORMIGUEIRO,Vacacai,2.9,auto_relevant_key_river,Auto-selected key RS flood river station in Vacacai; public/operator and coverage audited before model use.,2000-01-01,2026-06-21,1,9263,0.958,2000-01-01,2026-02-28,True,False
87730000,PASSO DO MARINHEIRO,RIO CAMAQUA,CANGUCU,Camaqua,3.0,auto_relevant_key_river,Auto-selected key RS flood river station in Camaqua; public/operator and coverage audited before model use.,2000-01-01,2026-06-21,1,0,0.0,,,True,False
76800020,PASSO MARIANO PINTO,RIO IBICUI,ITAQUI,Ibicui,3.0,auto_relevant_key_river,Auto-selected key RS flood river station in Ibicui; public/operator and coverage audited before model use.,2000-01-01,2026-06-21,1,0,0.0,,,True,False
87310000,ITATI,RIO TRES FORQUILHAS,TRES FORQUILHAS,Tres Forquilhas,3.0,auto_relevant_key_river,Auto-selected key RS flood river station in Tres Forquilhas; public/operator and coverage audited before model use.,2000-01-01,2026-06-21,1,0,0.0,,,True,False
74330010,EIXO ITAPIRANGA,RIO URUGUAI,PINHEIRINHO DO VALE,Uruguai,3.0,auto_relevant_key_river,Auto-selected key RS flood river station in Uruguai; public/operator and coverage audited before model use.,2000-01-01,2026-06-21,1,0,0.0,,,True,False
74770000,SITIO PANAMBI,RIO URUGUAI,ALECRIM,Uruguai,3.0,auto_relevant_key_river,Auto-selected key RS flood river station in Uruguai; public/operator and coverage audited before model use.,2000-01-01,2026-06-21,1,0,0.0,,,True,False
74771000,BARRA DO BUGRE,RIO URUGUAI,PORTO VERA CRUZ,Uruguai,3.0,auto_relevant_key_river,Auto-selected key RS flood river station in Uruguai; public/operator and coverage audited before model use.,2000-01-01,2026-06-21,1,0,0.0,,,True,False
74772000,VERA CRUZ PORTO,RIO URUGUAI,PORTO VERA CRUZ,Uruguai,3.0,auto_relevant_key_river,Auto-selected key RS flood river station in Uruguai; public/operator and coverage audited before model use.,2000-01-01,2026-06-21,1,0,0.0,,,True,False
74773000,VERA CRUZ JUSANTE,RIO URUGUAI,PORTO VERA CRUZ,Uruguai,3.0,auto_relevant_key_river,Auto-selected key RS flood river station in Uruguai; public/operator and coverage audited before model use.,2000-01-01,2026-06-21,1,0,0.0,,,True,False
74774000,RONCADOR MONTANTE,RIO URUGUAI,PORTO VERA CRUZ,Uruguai,3.0,auto_relevant_key_river,Auto-selected key RS flood river station in Uruguai; public/operator and coverage audited before model use.,2000-01-01,2026-06-21,1,0,0.0,,,True,False
74775000,FINAL RONCADOR,RIO URUGUAI,PORTO VERA CRUZ,Uruguai,3.0,auto_relevant_key_river,Auto-selected key RS flood river station in Uruguai; public/operator and coverage audited before model use.,2000-01-01,2026-06-21,1,0,0.0,,,True,False
74776000,RONCADOR BRASIL,RIO URUGUAI,PORTO VERA CRUZ,Uruguai,3.0,auto_relevant_key_river,Auto-selected key RS flood river station in Uruguai; public/operator and coverage audited before model use.,2000-01-01,2026-06-21,1,0,0.0,,,True,False
74777000,RONCADOR JUSANTE,RIO URUGUAI,PORTO VERA CRUZ,Uruguai,3.0,auto_relevant_key_river,Auto-selected key RS flood river station in Uruguai; public/operator and coverage audited before model use.,2000-01-01,2026-06-21,1,0,0.0,,,True,False
74778000,LINHA RONCADOR,RIO URUGUAI,PORTO VERA CRUZ,Uruguai,3.0,auto_relevant_key_river,Auto-selected key RS flood river station in Uruguai; public/operator and coverage audited before model use.,2000-01-01,2026-06-21,1,0,0.0,,,True,False
74800001,PORTO LUCENA,RIO URUGUAI,PORTO LUCENA,Uruguai,3.0,auto_relevant_key_river,Auto-selected key RS flood river station in Uruguai; public/operator and coverage audited before model use.,2000-01-01,2026-06-21,1,0,0.0,,,True,False
75550001,GARRUCHOS BRASIL,RIO URUGUAI,GARRUCHOS,Uruguai,3.0,auto_relevant_key_river,Auto-selected key RS flood river station in Uruguai; public/operator and coverage audited before model use.,2000-01-01,2026-06-21,1,0,0.0,,,True,False
75550002,GARRUCHOS BRASIL JUSANTE,RIO URUGUAI,GARRUCHOS,Uruguai,3.0,auto_relevant_key_river,Auto-selected key RS flood river station in Uruguai; public/operator and coverage audited before model use.,2000-01-01,2026-06-21,1,0,0.0,,,True,False
75550100,GARABI,RIO URUGUAI,GARRUCHOS,Uruguai,3.0,auto_relevant_key_river,Auto-selected key RS flood river station in Uruguai; public/operator and coverage audited before model use.,2000-01-01,2026-06-21,1,0,0.0,,,True,False
75900001,ITAQUI,RIO URUGUAI,ITAQUI,Uruguai,3.0,auto_relevant_key_river,Auto-selected key RS flood river station in Uruguai; public/operator and coverage audited before model use.,2000-01-01,2026-06-21,1,0,0.0,,,True,False
77150001,URUGUAIANA,RIO URUGUAI,URUGUAIANA,Uruguai,3.0,auto_relevant_key_river,Auto-selected key RS flood river station in Uruguai; public/operator and coverage audited before model use.,2000-01-01,2026-06-21,1,0,0.0,,,True,False
77160000,FAZENDA SAO PEDRO,RIO URUGUAI,BARRA DO QUARAI,Uruguai,3.0,auto_relevant_key_river,Auto-selected key RS flood river station in Uruguai; public/operator and coverage audited before model use.,2000-01-01,2026-06-21,1,0,0.0,,,True,False
85438500,RIO VACACAI MIRIM (RESTINGA SECA),RIO VACACAI MIRIM,RESTINGA SECA,Vacacai,3.0,auto_relevant_key_river,Auto-selected key RS flood river station in Vacacai; public/operator and coverage audited before model use.,2000-01-01,2026-06-21,1,0,0.0,,,True,False
85442000,RIO VACACAI (RESTINGA SECA),RIO VACACAI,RESTINGA SECA,Vacacai,3.0,auto_relevant_key_river,Auto-selected key RS flood river station in Vacacai; public/operator and coverage audited before model use.,2000-01-01,2026-06-21,1,0,0.0,,,True,False
